system:index,0,1,10,11,111,112,12,121,122,123,124,13,131,14,141,142,143,152,176,190,195,2,204,205,206,207,208,209,21,210,211,212,213,214,216,217,218,219,22,220,221,222,223,224,225,226,227,229,23,230,231,232,233,234,235,236,237,238,239,24,240,241,242,243,244,245,246,247,248,249,25,250,254,26,27,28,29,3,30,31,32,33,34,35,36,37,38,39,4,41,42,43,44,45,46,47,48,49,5,50,51,52,53,54,55,56,57,58,59,6,60,61,63,64,65,66,67,68,69,70,71,72,74,75,76,77,81,82,83,87,88,92,Year,irrStatus,masterid,nirrcapcl,.geo
1_0,0,0,0,0,0,0,0,0,0,0,0,0,0,0,0,0,0,0,0,0,0,0,0,0,0,0,0,0,0,0,0,0,0,0,0,0,0,0,0,0,0,0,0,0,0,0,0,0,0,0,0,0,0,0,0,0,0,0,0,0,0,0,0,0,0,0,0,0,0,0,0,0,0,0,0,0,0,0,0,0,0,0,0,0,0,0,0,0,0,0,0,0,0,0,0,0,0,0,0,0,0,0,0,0,0,0,0,0,0,0,0,0,0,0,0,0,0,0,0,0,0,0,0,0,0,0,0,0,0,0,0,0,2017,1,0,4,
2_0000a96e6774915facd9,,,9087.580749511719,,756.70361328125,,,110617.49053955078,3789.9293212890625,1516.4918212890625,,,,,135589.41235351562,2271.72119140625,3032.1652221679688,901299.1169433594,12116.635070800781,21212.01690673828,5306.683898925781,7859314.460051412,,,,,,,,,,,,,,,,,,,,,,,,,,,,,,,,,,25030.530151367188,,210910.34765625,,646043.2552490234,,,,,,,,,,,,,,,,96383.91436767578,,,,,,,,,128881.76837158203,28806.4501953125,,,131186.09442138672,,,,,,,,,,,,,,,,,,757.7036743164062,,34181.029235839844,,,51514.30139160156,,,,,,,,,,,,,,,,,,,,,2017,1,48317,4,
2_000026f3d7dbf9cb7a19,,53610.115173339844,8.514870311378413E7,,,,,8114329.560947313,42984.68200683594,8299.545043945312,2260.0138549804688,,14352.675598144531,,,,,7095335.835936782,1873907.9070113837,,12081.013305664062,5.31719413936472E8,,884914.0264282227,,,,,,,,,,,,,,,,,,,,,375.32000014361216,,,,,,,,,,,755.4028930664062,,2709651.467590332,,3.883611398481445E7,,,,,,,,,,,,,,,6315757.641406968,1508.9156494140625,638707.7690372242,,,,,,,,437090.81594693055,1236980.637602204,,,2.0487450843973797E7,,,,,,,,,,,,,,5275.710144042969,,,,,,244788.28106689453,7544.447570800781,3770.1818237304688,2566644.684129663,,,,,,,,,,,2067783.2075195312,,,,,,,,,,2017,1,48165,4,
2_00003d6719b35caa25f7,,4494940.955604224,2.1005433711509794E7,,752.9647216796875,,,3134923.604881137,55655.12390136719,6769.089904785156,751.2059326171875,,,,,,,1800605.344177246,641245.483581543,,6765.199890136719,3.206231932555973E8,,69262.09575482536,,,,,,,,,,,,,,,,,,,,,1499.812744140625,,,6761.012145996094,,,,,,,,,,5504647.118774414,,1.6525257152385158E7,,,,,,,,,,,,,,3757.1696166992188,88073.2085571289,,1189825.7971801758,,,,,,,,167693.29168701172,794381.5542602539,,,1.4428290686453545E7,,,,1214167.0653076172,,,,,,751.3034057617188,,,,243384.4552001953,,,,,,137035.7905883789,1851313.3950793697,4507.551208496094,1722354.866987879,,,,,,,,,,,414378.5704345703,,,,,,,,,,2017,1,48445,4,
2_000093a7147aa922964e,,6939396.08270886,5.32795711138557E7,,,,,4821134.648229981,24076.731018066406,3760.9345703125,,,,,,,,7825381.673297239,113304.67449951172,,,2.8056282274712056E8,,430129.55024126836,,,,,,,,,,,,,,,,,,,,,54903.378967285156,,,,,,,,,,,753.0211181640625,,1153044.6854858398,,1.723428656625905E7,,,,,,,,,,,,,,,1348403.32459645,,13077.433279000077,,,,,,,,324925.1533203125,161609.30249023438,,,2.482289874249962E7,,,,1471737.3333740234,,,,,,,,,,15778.349975585938,,,,,,119620.16705322266,5618348.557922363,,1973342.5994633692,,,,,,,,,,,18052.78936767578,,,,,,,,,,2017,1,48501,4,
2_0000deb4c577c7b48248,,1.6886992659840066E7,1.735800785945303E7,,1494.7492065429688,,,1253721.6638504327,11202.126403808594,,,,,,,,,920445.9825176164,507490.8132123162,,8953.551635742188,7.538493856038196E7,,44076.88409423828,,,,,,,,,,,,,,,,,,,,,65706.34826660156,,,,,,,,,,,746.4794311523438,,8987.767211914062,,3636290.6404639157,,,,,,,,,,,,,,,13440.4609375,,747.1967163085938,,,91656.39473134956,,,,,1651800.5881958008,343113.3732666016,,,1.733584381210363E7,,,,,,,,,,,,,,734948.9053344727,,,,,,2987.1702880859375,504937.0866699219,,572444.3729858398,,,,,,,,,,,,,,,,,,,,,2017,1,48079,4,
2_00008dc7b72eb2e5f6fc,,6305731.716978545,1418182.7622606466,,,,,2103228.6765005076,20044.315856933594,5195.5067138671875,2226.7374877929688,,,,,,,237851.83465576172,3593769.9968130076,2226.9122924804688,20799.307556152344,3.3053845221529372E7,,3768112.890197754,,,,,26635.324126838233,,,,,,,,,,,,,,,,273801.44576990465,6689.537109375,,,,,,,,,,71282.2123413086,,89876.81677246094,,1.6758535198621085E7,,,,,,,,,,,,,,39353.77362060547,320695.2030029297,,,,,,,,,,1214074.3732299805,2540108.0859602387,,,2606155.3957210765,,,2970.0377807617188,,,,,,,,,,,31218.852294921875,,,,,,193800.83917236328,34166.3486328125,,3441851.7395862057,,,,,,,,,,,,,,,,,,,,,2017,1,48017,4,
2_00005c9fcd733134b855,,1.850806863647461E7,411517.16431406053,,1485.7559814453125,,,2649050.0519780177,36409.2216796875,742.4261474609375,,,1485.8529052734375,,1490.4566650390625,,,62495.247985839844,4396076.2013549805,5204.440490722656,11164.545593261719,4.719311897566132E7,,2271431.936279297,,,,,2224.9519653320312,,,,,,,,,,,,,,,,20792.740661621094,45333.61016845703,,,,,,,,,,19306.381774902344,,914386.1278076172,,1.3592507537252508E7,,,,,,,,,,,,,,131476.68481445312,109266.18103027344,1484.96875,43922.61260986328,,,,,,,,440659.8181152344,743217.2474247952,,,6578032.92952498,,,742.3468627929688,,,,,,,,,,,1463054.807434082,,,,,,127729.83032226562,1486.98828125,,1362311.6326293945,,,,,,,,,,,743.5684814453125,,,,,,,,,,2017,1,48279,4,
2_00004c232b965f7502dc,,849195.0673217773,295080.88946533203,,1494.1246948242188,,,1266752.1102905273,28403.064331054688,3738.9371948242188,,,6728.9974365234375,,747.7382202148438,,,629991.7778930664,2172043.312072754,2243.4528198242188,20196.526306152344,4.022507914119898E7,,157670.4278564453,,,,,,,,,,,,,,,,,,,,,,,,,,,,,,,,1494.7744750976562,,746.610595703125,,1623781.8305948894,,,,,,,,,,,,,,10480.012573242188,,,,,,391928.31634521484,,,,,37415.649169921875,340995.54736328125,,,7607949.949066043,,,,,,,,,,,,,,4488.317443847656,,,,,,8234.162658691406,35073.991760253906,,1125977.0841839958,,,,,,,,,,,745.7743530273438,,,,,,,,,,2017,1,48219,4,
2_0000a5036e08c587b48d,,1233229.4792750939,1487.5154418945312,,,,,115251.68054199219,,,,,743.0850219726562,,,,,1486.9740600585938,516314.9192504883,743.7960205078125,5947.247131347656,8649897.716019934,,3712.0454711914062,,,,,,,,,,,,,,,,,,,,,31213.3212890625,,,,,,,,,,,,,27517.189819335938,,824040.7896417356,,,,,,,,,,,,,,1485.2609252929688,1485.0899047851562,744.6582641601562,,,,,,,,,84017.62567138672,57806.43911348231,,,785180.9283018822,,,,,,,,,,2972.39599609375,,,,1486.8574829101562,,,,,,10408.152038574219,2972.812255859375,,242382.56176757812,,,,,,,,,,,,,,,,,,,,,2017,1,48189,4,
2_000051aefd125c63c857,,801791.0558811561,,,,,,75549.86541748047,2964.54345703125,740.9404907226562,,,,,740.3218383789062,,,14806.402587890625,450523.59526438994,,11843.636291503906,737104.9081212662,,29590.43359375,,,,,,,,,,,,,,,,,,,,,5187.2716064453125,,,,,,,,,,,,,23670.61505126953,,2313694.0193605907,,,,,,,,,,,,,,,,,738.1357421875,,,,,,,,17776.700073242188,59210.70361328125,,,76975.03009033203,,,,,,,,,,,,,,,,,,,,14070.692993164062,741.251708984375,,48849.714599609375,,,,,,,,,,,2963.8158569335938,,,,,,,,,,2017,1,48069,4,
2_000092fad6491c3caca5,,781602.8235296512,,,31838.887573242188,,,226889.64450970816,1479.82470703125,,,,,,,,,36997.77764892578,1310662.0626780791,1479.1173095703125,118362.54089355469,1437537.6343328739,,48820.92724609375,,,,,45267.54729147519,,,,,,,,,,,,,,,,191074.16301413142,,,,,,,,,,,40006.041748046875,738.1475219726562,11858.8583984375,,5940222.484735705,,,,,,,,,,,,,,,262886.4351196289,,6642.572509765625,,,,,,,,5925.37939453125,367384.0360854205,,,528775.9313191732,,,,,,,,,,,,,,,,,,,,111142.4614868164,7402.9287109375,,855349.379975921,,,,,,,,,,,739.0646362304688,,,,,,,,,,2017,1,48369,4,
2_0000439b6b7566f79a23,,1.3228084850041457E8,,,1451.750244140625,,,3070016.121826172,19103.719750497854,11607.149475097656,,,2897.8777465820312,,,,,313022.32037353516,1.680335133707347E7,723.7941284179688,10138.096435546875,5.334958595188755E7,,2710189.2667841893,,,,,5079.367736816406,,,,,,722.2546997070312,,,,,,,,,,7082731.949571557,,,1051261.4112548828,,,,,,,,905682.4366838044,108730.08129882812,1074596.8657226562,,1.2444577695304456E8,,,,,,,,,,,,,,,596593.3732299805,1833318.8314819336,,,,,,,,,1.101522071587632E7,,,,1.0894795474668734E7,,10113.345092773438,299221.6325683594,,,,,5078.491638183594,,44245.323791503906,,,,,,,,,,,1581972.4307796704,,2.430441807519651E7,,,,,,,,,,,,,,,,,,,,,2017,1,48111,4,
2_000018b1450a663b10e5,,8594494.823013127,,,5063.9913330078125,,,170187.794921875,,,,,,,,,,137641.65673828125,1485088.9607658836,,,2771243.818664551,,693011.6146587296,,,,,,,,,,,,,,,,,,,,,316819.5880126953,,,,,,,,,,,23144.879028320312,,219068.40264892578,,4456814.27104923,,,,,,,,,,,,,,,,,,,,,,,,,150684.17163085938,,,,537429.4987182617,,,,,,,,,,70094.3129272461,,,,,,,,,,,1450.2479248046875,,321118.0987548828,,,,,,,,,,,,,,,,,,,,,2017,1,48421,4,
2_0000362f861fda05bbf2,,9948503.788337737,,,,,,378569.98260498047,2163.042724609375,720.8800048828125,,,,,14408.9150390625,,,363733.2483520508,2049714.4755859375,2160.237060546875,2159.2359008789062,859533.2289656097,,220678.64520263672,,,,,43959.03698730469,,,,,,,,,,,,,,,,76435.0043334961,,,,,,,,,,,514374.28704833984,18754.515686035156,92708.40515136719,,7110696.0037320005,,,,,,,,,,,,,,718.40234375,,26645.637451171875,,,,20090.898071289062,,,,,501777.88763427734,278229.9118041992,,,2164414.3297691196,,,2152.65380859375,,,,,,,114294.21466064453,,,,,,,,,,,717.59375,,1830529.0002733418,,,,,,,,,,,,,,,,,,,,,2017,1,40139,4,
2_00000224da17c2d43a3a,,798329.9391204235,,,6523.0555419921875,,,54256.62121582031,724.2534790039062,,,,,,725.2439575195312,,,142580.81323242188,525703.8306418026,2176.2701416015625,7229.305603027344,601480.9206411324,,109934.99304199219,,,,,,,,,,,,,,,,,,,,,16672.92803955078,,,,,,,,,,,10877.438903808594,,23896.59356689453,,1513469.4524536133,,,,,,,,,,,,,,,,,,,,,,,,,36185.353759765625,20227.26824951172,,,80381.10493283739,,722.1411743164062,,,,,,,,5071.121154785156,,,,,,,,,,7981.2470703125,,,45763.30316353592,,,,,,,,,,,,,,,,,,,,,2017,1,48195,4,
2_000002169a02e3582571,,17514.643005371094,,,,,,4368.7750244140625,727.528564453125,,,,,,,,,36373.156677246094,16019.646301269531,4363.676330566406,729.544921875,24805.665283203125,,,,,,,,,,,,,,,,,,,,,,,,,,,,,,,,,,,,,,30645.23321533203,,,,,,,,,,,,,,,,,,,,,,,,,,,,,4369.717834472656,,,,,,,,,,,,,,,,,,,,729.9874877929688,,,17866.096763461246,,,,,,,,,,,,,,,,,,,,,2017,1,48393,4,
2_0000e5143a9444e6ad48,,278046.75018310547,,,4344.3814697265625,,,15205.980529785156,,,,,,,,,,447695.0357055664,140513.3862915039,1451.27587890625,9415.375732421875,471038.0880126953,,15937.609558105469,,,,,,,,,,,,,,,,,,,,,9422.590698242188,,,,,,,,,,,,,59360.28546142578,,752515.5759277344,,,,,,,,,,,,,,,,6520.838439941406,,,,,,,,,42019.591857910156,1448.6148071289062,,,107087.64880371094,,,,,,,,,,725.3442993164062,,,,,,,,,,724.034912109375,,,254076.96075439453,,,,,,,,,,,,,,,,,,,,,2017,1,48357,4,
2_0000c95ce7beb5df6a05,,2.5097666015319824E7,,,7879.776794433594,,,448145.2965698242,716.8960571289062,,,,,,8585.475524902344,,,115345.57458496094,2191916.6564941406,16452.410278320312,6444.06689453125,2964181.092102051,,69453.0209350586,,,,,,,,,,,,,,,,,,,,,133132.7579345703,,,,,,,,,,,846013.5017089844,,,,5450227.716308594,,,,,,,,,,,,,,724995.510559082,,,,,,,,,,,4507258.189086914,2145.2244873046875,,,5000506.172912598,,,,,,,,,,5249877.632751465,,,,,,,,,,,,,2161394.0258789062,,,,,,,,,,,,,,,,,,,,,2017,1,20175,4,
2_00000ac3bc54452e5246,,9089258.671464508,,,1422.5262451171875,,,90155.55454484528,713.4118041992188,,,,,,27817.39971923828,,,4990.355163574219,428562.7620682062,,1424.2404174804688,293110.3377685547,,239579.88500976562,,,,,,,,,,,,,,,,,,,,,29149.31201171875,,,,,,,,,,,7829.1173095703125,,,,3538483.2697114833,,,,,,,,,,,,,,74649.36102294922,,,,,,2133.55859375,,,,,3065410.3603515625,3553.2021484375,,,2473479.7011132333,,,3553.8555297851562,,,,,,,1092627.7568969727,,,,,,,,,,,13535.887756347656,,518316.5911494236,,,,,,,,,,,,,,,,,,,,,2017,1,20081,4,
2_0000e966ae3420ad7f54,,1.2890095535692163E7,,,2129.8196411132812,,,138097.0640486175,710.059814453125,,,,,,24908.13134765625,,,,426564.3167640836,4270.2408447265625,3556.9993286132812,1417.2528076171875,,216644.00814568016,,,,,,,,,,,,,,,,,,,,,46077.678771972656,,,,,,,,,,,36942.943603515625,,,,2027367.9092510147,,,,,,,,,,,,,,4967.239990234375,176784.6807861328,,,,,,,,,,3207776.2267132928,9940.851928710938,,,1412422.614420094,,,,,,,,,,360896.9437866211,,,,,,,,,,,710.3576049804688,,2399185.460998535,,,,,,,,,,,,,,,,,,,,,2017,1,20069,4,
2_0000ecc20986e2c29fd5,,3.8373307756132714E7,,,1431.2191772460938,,,786995.8653423234,,,,,,,9999.5537109375,,,140270.05895996094,1308820.1531017828,5007.348937988281,,1308480.2584838867,,463482.1713256836,,,,,,,,,,,,,,,,,,,,,183594.20025634766,,,,,,,,,,,35756.4580078125,,,,1.0244373034423828E7,,,,,,,,,,,,,,16443.308471679688,714.9818115234375,,4296.2452392578125,,,717.2662963867188,,,,,1649974.1024169922,,,,2118676.7104492188,,,,,,,,,,1033000.2932739258,,,,,,,,,,,178599.89416503906,,1287985.8228575464,,,,,,,,,,,,,,,,,,,,,2017,1,20189,4,
2_0000083e284fd4b68cf3,,1.3289989415564682E7,,,7835.690856933594,,,470895.80172478163,,,,,,,17815.991638183594,,,18519.970275878906,2133513.835332175,19946.712341308594,13539.037292480469,545809.6330566406,,1983929.7236938477,,,,,,,,,,,,,,,,,,,,,430028.2297363281,,,,,,,,,,,104643.45812988281,,,,9256750.994359635,,,,,,,,,,,,,,2136.8065795898438,,71058.67810058594,,,,,,,,,2842218.522688802,710.5966796875,,,6012285.849187873,,,76775.50012207031,,,,,,,337984.3571166992,,,,,,,,,,,840877.1539306641,,2913083.1448079427,,,,,,,,,,,,,,,,,,,,,2017,1,20067,4,
2_00004b3e232918916bc7,,4710046.732421875,,,2151.3212890625,,,75853.19904186772,,,,,,,,,,22926.356323242188,206166.35711669922,5004.299072265625,15728.140258789062,12191.573913574219,,715.0169677734375,,,,,,,,,,,,,,,,,,,,,716.75341796875,,,,,,,,,,,717.186279296875,,,,1377521.4758822573,,,,,,,,,,,,,,,,,,,,,,,,,12188.804382324219,,,,614314.5855102539,,,,,,,,,,716.9911499023438,,,,,,,,,,,,,609402.2696533203,,,,,,,,,,,,,,,,,,,,,2017,1,20129,4,
2_000033d27e75137a3754,,3533813.492980957,,,,,,61316.34478544347,,,,,,,,,,4274.125915527344,86136.6177368164,,,,,711.6708374023438,,,,,,,,,,,,,,,,,,,,,14238.025085449219,,,,,,,,,,,,,,,3099771.318786621,,,,,,,,,,,,,,,,,,,,,,,,,101724.37321202895,,,,1319816.1743774414,,,,,,,,,,712.6004638671875,,,,,,,,,,,,,1200959.659729004,,,,,,,,,,,,,,,,,,,,,2017,1,20187,4,
2_00005885d86cb4790690,,3613463.1245117188,,,,,,48492.541564941406,,,,,,,,,,,819450.30859375,,,,,,,,,,,,,,,,,,,,,,,,,,,,,,,,,,,,,,,,,1700348.6658935547,,,,,,,,,,,,,,704.7811889648438,,,701.849365234375,,,,,,,,4218.754333496094,,,,642143.3306274414,,,,,,,,,,6313.758117675781,,,,,,,,,,,,,1224222.8345336914,,,,,,,,,,,,,,,,,,,,,2017,1,20203,4,
2_0000f547541496932f3f,,2.258200131213379E7,,,,,,129573.71288559858,,,,,694.0389404296875,,4855.490051269531,,,,180071.4892578125,12485.758666992188,1390.3727416992188,,,2087.8776245117188,,,,,,,,,,,,,,,,,,,,,,,,,,,,,,,,694.1156005859375,,,,2573133.016357422,,,,,,,,,,,,,,,,36809.549072265625,,,,,,,,,358784.4835205078,15309.572998046875,,,1426441.4735717773,,29166.927856445312,,,,,,,,1382611.4085083008,,,,6934.316589355469,,,,,,,17389.034301757812,,2568420.764770508,,,,,,,,,,,,,,,,,,,,,2017,1,20193,4,
2_00007865065d97a6f604,,2.1337906070744533E7,,,,,,165309.77884760837,,,,,,,,,,,245279.0684814453,,693.253173828125,,,,,,,,,,,,,,,,,,,,,,,,2082.7008666992188,,,,,,,,,,,,,,,5478356.340942383,,,,,,,,,,,,,,,,30554.386352539062,1389.0396118164062,,,,,,,,251454.97784423828,1388.3448486328125,,,3909538.929626465,,22229.34881591797,,,,,,,,401437.85540771484,,,,696.5930786132812,,,,,,,985155.8946533203,,3477522.8420410156,,,,,,,,,,,,,,,,,,,,,2017,1,20181,4,
2_0000e81ef21a1ba33753,,1590730.3443603516,,,,,,21796.86767578125,,,,,,,,,,,53386.32208251953,,,,,7014.136535644531,,,,,,,,,,,,,,,,,,,,,,,,,,,,,,,,,,,,749672.8387451172,,,,,,,,,,,,,,,,,2811.0946655273438,,,,,,,,9837.605834960938,,,,1324561.1856689453,,,,,,,,,,,,,,,,,,,,,,,579502.4462890625,,,,,,,,,,,,,,,,,,,,,2017,1,20071,4,
2_0000059b94746c89134c,,4.112753276803026E7,,,4018.0787353515625,,,3647565.993404852,225822.00689697266,22038.41033935547,,,1337.68115234375,,2687.9080200195312,5355.368347167969,,90215.33123779297,2170700.7376098633,632848.5087280273,247041.0845336914,,,139163.43096923828,,,,,476568.42541503906,,,,,,,,,,,,,,,,2671.3189697265625,,,,,,,,,,,2011.7273559570312,,,,6288560.841967056,,,,,,,,,,,,,,,4655.968078613281,872565.0580444336,512842.0982055664,,,,,,,,1.1291498464355733E8,1.7069202338270716E7,,,3608368.3831818225,1171160.876586914,1.4165044237731934E7,,,,,,,,,,,670.312255859375,,,,,,,,904708.1871337891,,1370789.7288208008,,,,,,,,,,,,,,,,,,,,,2017,1,56015,4,
2_0000c51b93502ec1e2cd,,5.170044153611628E7,,,161967.89587402344,,,3202516.4494614545,260287.99340772443,14057.193603515625,2676.426513671875,,1342.2955322265625,,5354.265625,13068.288011019838,2010.933837890625,669.734130859375,4012210.08364545,338178.7828979492,683215.1341552734,,,168767.35864257812,,,,,3347.911376953125,,,,,,,,,,,,,,,,2008.7987060546875,,,,,,,,,,,,,,,2437438.6481304094,,,,,,,,,,,,,,,16072.410888671875,649590.3047485352,289405.8554496017,,,,,,,,3.467725057336976E7,643392.6159888174,,,504747.7153456744,3317181.8623657227,2.3505180906370874E7,1339.99658203125,,,,,,,22769.29180908203,,,,255186.01147460938,,,,,,,75150.3876953125,,1138230.9855193493,,,,,,,,,,,,,,,,,,,,,2017,1,31157,4,
2_00004f125de80643121e,,1.1378862952257583E7,,,2687.83203125,,,231421.18069924746,4705.73583984375,,,,,,,2689.056640625,,,1993908.7771606445,3368.7158813476562,22878.437438964844,,,46391.72100830078,,,,,29551.041870117188,,,,,,,,,,,,,,,,,,,,174411.73974609375,,,,,,,,,,,5228880.877441406,,,,,,,,,,,,,,,672.1423950195312,375555.7944946289,595009.7141113281,,,,,,,,5063317.087646484,489732.21990966797,,,576282.8700561523,82669.490234375,5875671.813132132,,,,,,,,,,,,274333.00549316406,,,,,,,245857.2061767578,,1316719.6646118164,,,,,,,,,,,,,,,,,,,,,2017,1,31007,4,
2_0000d4e1b83888cf33a9,,6752810.677185059,,,,,,204827.7816772461,5410.2342529296875,,,,,,,2028.5125122070312,,,549588.0653076172,22968.79864501953,17570.71502685547,,,2704.7318115234375,,,,,25704.14971923828,,,,,,,,,,,,,,,,,,,,676.8423461914062,,,,,,,,,,,1086888.8757479799,,,,,,,,,,,,,,,16889.945922851562,181715.01220703125,580151.6536254883,,,,,,,,4061252.8606567383,64226.10675048828,,,304779.46002197266,959923.4942626953,1733884.466796875,,,,,,,,1350.27880859375,,,,18936.49346923828,,,,,,,33117.670166015625,,270746.9515991211,,,,,,,,,,,,,,,,,,,,,2017,1,31105,4,
2_00008fed08be1a07770e,,7.095966512492676E7,,,28880.840270996094,,,2116925.9163574222,178863.46138772403,18136.15234375,,,671.1560668945312,,49036.47448730469,68168.2670149261,16796.766174316406,3358.2904052734375,5672642.260530838,219594.9125366211,624873.7497558594,,,111578.09283447266,,,,,,,,,,,,,,,,,,,,,,,,,6046.031005859375,,,,,,,,,,,3825713.600034227,,,,,,,,,,,,,,,419946.13861083984,191729.6395263672,504666.73390586703,,,,,,,,2.422010619877858E7,908156.2901000977,,,1367109.638544778,3646365.9392089844,1.3491349250257786E7,510319.06311035156,,,,,,,486230.70153808594,,,,272986.0745239258,,,,,,,30884.812438964844,,1656264.0400316427,,,,,,,,,,,,,,,,,,,,,2017,1,31123,4,
2_0000cf6108a0d03887de,,1.1138006274229042E7,,,22341.683715820312,,,355424.60027142696,6093.840026855469,677.2288208007812,,,,,2029.71533203125,676.5708618164062,,677.091796875,1004603.4936523438,157089.90618896484,387946.80255126953,,,6773.0035400390625,,,,,7448.2294921875,,,,,,,,,,,,,,,,677.2206420898438,,,,676.2552490234375,,,,,,,,,,,2615950.5982666016,,,,,,,,,,,,,,,111600.80786132812,33804.83776855469,1157183.4830932617,,,,,,,,2306286.7478637695,166959.63079833984,,,494250.58203125,712763.6901245117,3076657.8073120117,10834.529602050781,,,,,,,143032.7781982422,,,,451702.3063964844,,,,,,,14890.774841308594,,975403.2407226562,,,,,,,,,,,,,,,,,,,,,2017,1,31033,4,
2_000026437747f5af0d8e,,3.2551436477871045E7,,,22250.104248046875,,,637713.6755981445,352019.84917566634,6748.739440917969,,,,,14843.433898925781,675.0844116210938,,,3331217.5082138954,111978.02905273438,897885.2321166992,,,502849.0769042969,,,,,,,,,,,,,,,,,,,,,,,,,,,,,,,,,,,,2020478.9076538086,,,,,,,,,,,,,,,45192.59655761719,175672.01434326172,415717.52166748047,,,,,,,,8715471.482673913,265973.15936279297,,,744059.1897583008,18877.6513671875,3328294.5012817383,1529522.9669189453,,,,,,,2062974.874572754,,,,328749.0707397461,,,,,,,16856.97137451172,,625667.7225341797,,,,,,,,,,,,,,,,,,,,,2017,1,31069,4,
2_000063745067765faefe,,1.5926774831866335E7,,,5423.201477050781,,,517404.18341926124,15086.338545735678,1355.35595703125,,,,,8137.82861328125,677.6669921875,,,557209.4333251953,27800.417358398438,48819.20037841797,,,4746.626892089844,,,,,678.3836669921875,,,,,,,,,,,,,,,,,,,,,,,,,,,,,,,528541.7209472656,,,,,,,,,,,,,,,48829.39904785156,35271.557373046875,246301.91805826823,,,,,,,,1082555.3338125192,148347.48596191406,,,515267.68452148436,278443.6561279297,72102.92203895719,72554.7514038086,678.0856323242188,,,,,,592172.630065918,,,,92927.12646484375,,,,,,,251358.91510009766,,1239515.3155517578,,,,,,,,,,,,,,,,,,,,,2017,1,31049,4,
2_0000f743b749e277fa6a,,5.053424478790211E7,,,,,,655967.6636752259,25947.862426757812,,,4098.63134765625,,,4782.8466796875,,,2731.5845336914062,108336.11521331189,2050.188232421875,2732.5493774414062,,,20447.3271484375,,,,,,,,,,,,,,,,,,,,,684.1979370117188,,,,,,,,,,,,,,,5831910.019154986,,,,,,,,,,,,,,,92935.25,188582.92474365234,2746834.439819336,,,,,,,,3740254.321838379,105853.08642578125,,,571544.2438964844,1141193.5311889648,1312018.9512939453,8206.833984375,,,,,,,787238.3085327148,,,,81210.82067871094,,,,,,,449317.03802490234,,2276250.3619995117,,,,,,,,,,,,,,,,,,,,,2017,1,08095,4,
2_00002a2f1f6bf9c90200,,1.3781232623671827E8,,,1375.4822387695312,,,2114621.169683479,17879.27325439453,,,416680.0305175781,,,58508.479919433594,,,11672.762878417969,1999650.3676166611,85318.3892211914,134363.7752685547,,,12413.638122558594,,,,,2756.3652954101562,,,,,,,,,,,,,,,,12400.050537109375,,,,,,,,,,,,,,,1.3658546221496582E7,,,,,,,,,,,,,,,69393.59600830078,93954.53918457031,2845870.1033935547,,,,,,,,1.1904964724609375E7,17212.99444580078,,,4928985.852876311,2223328.4584960938,5061800.691509412,1499396.547302246,,,,,,,5169006.84753418,,,,5504.722717285156,,,,,,,1557854.0700683594,,1.0626483725341797E7,,,,,,,,,,,,,,,,,,,,,2017,1,08125,4,
2_00004219ab429081eddb,,7.821182303465717E7,,,22699.54510498047,,,1206840.9022547104,11691.401000976562,2058.75732421875,,103101.9790649414,,,13069.034484863281,,,1376.6474609375,5694907.48163488,117645.60626220703,107315.1234741211,,,435895.90313720703,,,,,4126.792419433594,,,,,,,,,,,,,,,,133918.49969482422,,,,,,,,,,,10322.013061523438,,,,6121607.118290921,,,,,,,,,,,,,,2751.7247314453125,1118474.4919433594,491958.3713989258,174272.19342041016,,,,,,,,5011866.923828125,46773.53967285156,,,6518416.273656987,,1357030.4282415651,126965.74578857422,,,,,,,4936789.703613281,,,,144341.39642333984,,,,,,,154611.41857910156,,4097507.212158203,,,,,,,,,,,,,,,,,,,,,2017,1,31057,4,
2_0000858f7937baba70fb,,1.1032271265004334E8,,,2732.1767578125,,,1290835.0707138958,8885.296752929688,1365.6265869140625,,875755.5938110352,,,10253.934814453125,,,,1362408.2249145508,37584.27355957031,54699.55187988281,,,24564.300537109375,,,,,,,,,,,,,,,,,,,,,245875.0068359375,,,,2047.5267944335938,,,,,,,,,,,7781499.401870788,,,,,,,,,,,,,,,1011699.2844848633,1630809.7294921875,398230.05993652344,,,,,,,,3342810.903930664,40325.32373046875,,,2732568.4044799805,188234.57440185547,9773266.761352539,474768.32275390625,,,,,,,9481502.592194442,,,,213878.17797851562,,,,,,,81350.47119140625,,1494534.5571289062,,,,,,,,,,,,,,,,,,,,,2017,1,31029,4,
2_000055cf1fb1322ae2f7,,4.101600066626623E7,,,1361.8106079101562,,,360653.6431832108,,679.8847045898438,,456898.89434814453,,,3398.968994140625,,,,410261.7975463867,9522.994812011719,6809.453552246094,,,34053.97088623047,,,,,,,,,,,,,,,,,,,,,286268.7791748047,,,,,,,,,,,,,,,2051205.7576293945,,,,,,,,,,,,,,3405.155517578125,514018.19104003906,152629.1732788086,83689.73754882812,,,,,,,,619749.0036621094,2043.096923828125,,,619481.2708740234,65856.65686035156,732709.9401855469,1358.3595581054688,2725.546142578125,,,,,,8159537.670561906,,,,67931.6728515625,,,,,,679.606689453125,12921.000610351562,,1048107.717956543,,,,,,,,,,,,,,,,,,,,,2017,1,31135,4,
2_0000ee138d905b0d2bd6,,6.489051280808321E7,,,5468.6961669921875,,,445161.58958117914,1363.9186401367188,,,261508.35791015625,,,7518.629638671875,,,,580572.955078125,73156.79071044922,10942.004272460938,,,1364.62939453125,,,,,,,,,,,,,,,,,,,,,,,,,,,,,,,,,,,,1329807.9459228516,,,,,,,,,,,,,,,25280.200073242188,828273.3272705078,1364.5805053710938,,,,,,,,1917835.0203857422,10257.622985839844,,,2721328.281555176,,2249300.052307129,4775.665771484375,,,,,,,1.1781744226989746E7,,,,2047.4226684570312,,,,,,,2729.586669921875,,1516037.7186279297,,,,,,,,,,,,,,,,,,,,,2017,1,31085,4,
2_0000f2cdc726e7698e4a,,1.3158760453105612E7,,,691.5818481445312,,,192955.40399169922,,,,,,,,,,,608050.4201049805,11744.265319824219,10360.649291992188,,,50290.516357421875,,,,,1380.3259887695312,,,,,,,,,,,,,,,,689.60009765625,,,,,,,,,,,,,,,2855867.2720420687,,,,,,,,,,,,,,15860.257995605469,,688.7103271484375,3458.6027221679688,,,,,,,,905238.5496826172,690.1603393554688,,,2991219.606323242,,,,,,,,,,488112.5376586914,,,,3443.4901733398438,,,,,,,447110.61267089844,,3054679.7083740234,,,,,,,,,,,,,,,,,,,,,2017,1,20023,4,
2_0000435b78c962abfd2c,,3966803.6104125977,,,,,,20745.59454345703,,,,,,,691.587158203125,,,,85771.79913330078,7603.4490966796875,,,,4836.972473144531,,,,,,,,,,,,,,,,,,,,,,,,,,,,,,,,,,,,261257.94788435393,,,,,,,,,,,,,,,,4845.225341796875,,,,,,,,,221257.21197509766,,,,162644.2420654297,,4150.7293701171875,,,,,,,,406787.96893310547,,,,,,,,,,,2767.1617431640625,,202106.01208496094,,,,,,,,,,,,,,,,,,,,,2017,1,20153,4,
2_0000317c9c066090d4fa,,5683029.684650018,,,,,,57651.71923828125,,,,2058.5386352539062,,,2745.1041259765625,,,,312597.8425292969,73447.79406738281,6183.891296386719,,,3436.6463012695312,,,,,,,,,,,,,,,,,,,,,,,,,,,,,,,,,,,,679341.3494262695,,,,,,,,,,,,,,,688.2929077148438,8923.754028320312,,,,,,,,,705709.8881225586,3434.0550537109375,,,778756.0704357671,,,1371.975341796875,,,,,,,340928.4866333008,,,,26792.722595214844,,,,,,,,,601351.5282896752,,,,,,,,,,,,,,,,,,,,,2017,1,31087,4,
2_00009c45aef54205c421,,2312156.6079101562,,,,,,39359.45086669922,2071.2489013671875,,,,,,7605.765319824219,,,,78073.40698242188,11750.309448242188,,,,7586.195983886719,,,,,,,,,,,,,,,,,,,,,,,,,,,,,,,,,,,,625900.0017089844,,,,,,,,,,,,,,,,22103.15106201172,,,,,,,,,390948.08752441406,,,,464772.56115722656,,,,,,,,,,71104.99249267578,,,,2072.909912109375,,,,,,,61360.37744140625,,447553.041015625,,,,,,,,,,,,,,,,,,,,,2017,1,20039,4,
2_0000159a36fb32c1097e,,5714922.356884287,,,2061.1915893554688,,,96822.79718017578,2751.2806396484375,,,,,,2059.423095703125,,,,474567.13451023475,112580.89672851562,6181.372985839844,,,,,,,,,,,,,,,,,,,,,,,,,,,,,,,,,,,,,,,446132.8561401367,,,,,,,,,,,,,,,685.783203125,115197.94915771484,7547.8787841796875,,,,,,,,854135.4799804688,10981.582641601562,,,934019.3493147308,,,685.8128051757812,,,,,,,1100509.7614592907,,,,30948.11358642578,,,,,,,6854.948425292969,,388032.0267640357,,,,,,,,,,,,,,,,,,,,,2017,1,31145,4,
2_00004dc5e29e7663e665,,7309120.4153868435,,,1363.5550537109375,,,85516.24641855276,5464.264831542969,,,,,,2050.4542846679688,,682.9188842773438,,435955.4945020488,116109.35870361328,3411.3854370117188,,,,,,,,3417.4323120117188,,,,,,,,,,,,,,,,,,,,,,,,,,,,,,,329604.2937011719,,,,,,,,,,,,,,,3414.52197265625,133880.80364990234,684.640625,,,,,,,,141569.17995796952,1367.3795166015625,,,561137.0253178615,,682.6480102539062,,,,,,,,2031538.442902449,,,,8202.47705078125,,,,,,,,,779070.6770629883,,,,,,,,,,,,,,,,,,,,,2017,1,31063,4,
2_0000e65a4cb440e7c4ad,,9.345635470239162E7,,,66352.36926269531,,,2731419.2989035216,171521.8370361328,5426.043884277344,71151.47546386719,1605832.5817871094,2037.9827880859375,,16959.252990722656,,4048.2269897460938,2705.3179321289062,1.5351610050909303E7,1080194.1689453125,2853135.2087694355,,,1354.4713745117188,,,,,1353.2294921875,,,,,,,,,,,,,,,,,,,,,,,,,,,,,,,1277256.4513549805,,,,,,,,,,,,,,,466878.14306640625,195061.7674560547,337017.3029785156,,,,,,,,2.7285563950833667E7,1.0557759254089355E7,,,2581817.5747070312,,1120305.3698730469,349950.93756103516,,,,,,,2.41118949303979E7,,,,149441.83520507812,,,,,,677.0479736328125,2032.9489135742188,,1825558.328918457,,,,,,,9486.009948730469,,,,,,,,,,,,,,2017,1,31111,4,
2_00002b8302a5a878371e,,1.4251967903312415E7,,,5391.437255859375,,,354508.7309170592,39090.308654785156,2696.150634765625,,1348.880126953125,1348.3041381835938,,6062.0509033203125,,671.951416015625,,2134582.193956801,90948.46966552734,151589.9534620098,,,,,,,,,,,,,,,,,,,,,,,,,,,,,,,,,,,,,,,108525.85217285156,,,,,,,,,,,,,,,1392562.8475341797,363849.8997192383,58622.05291748047,,,,,,,,1950752.7409445369,126627.7670288086,,,1133518.4030761719,,672.11474609375,6063.944580078125,672.4163818359375,,,,,,5119943.647135896,,,,81575.0990600586,,,,,,,,,53901.60046386719,,,,,,,,,,,,,,,,,,,,,2017,1,31113,4,
2_00002810c8f86017eaf1,,3670424.007344564,,,4043.4920654296875,,,78867.84820484834,1347.435302734375,,,671.8295288085938,,,,,,,2187526.2446968826,7408.5701904296875,224478.88061523438,,,,,,,,,,,,,,,,,,,,,,,,,,,,,,,,,,,,,,,30994.716247558594,,,,,,,,,,,,,,,390684.69427490234,80762.51135253906,465752.8135986328,,,,,,,,628488.9177485447,51777.31164550781,,,726065.2164916992,,24892.424682617188,,,,,,,,682721.0417480469,,,,674.1369018554688,,,,,,,3358.3055419921875,,50508.72686767578,,,,,,,,,,,,,,,,,,,,,2017,1,31117,4,
2_00009d84364818a486ce,,2.945615635567627E7,,,6767.5894775390625,,,671462.5012357824,23001.659729003906,677.9707641601562,677.8941650390625,928241.6026611328,,,8119.882751464844,,,,2206647.980371094,179978.66369628906,263156.75451660156,,,2034.4537353515625,,,,,677.6998291015625,,,,,,,,,,,,,,,,,,,,5410.577087402344,,,,,,,,,,,1677713.2048950195,,,,,,,,,,,,,,,398166.22314453125,181468.32666015625,120605.06317138672,,,,,,,,2226619.454960363,414105.13397216797,,,281907.1519165039,204636.1635131836,382890.1251838235,,,,,,,,7525611.554443359,,,,25053.77520751953,,,,,,,7452.234924316406,,439678.7528076172,,,,,,,,,,,,,,,,,,,,,2017,1,31101,4,
2_00007e34ce4b747d480d,,1339815.0384399414,,,1348.0863037109375,,,36711.8000741996,671.4111328125,,,1347.5401611328125,,,3370.2890014648438,,,,1383239.8369810814,5391.443603515625,641792.1337280273,,,32340.507873535156,,,,,,,,,,,,,,,,,,,,,,,,,,,,,,,,,,,,23567.418518066406,,,,,,,,,,,,,,,161650.5287475586,25616.465881347656,8754.452575683594,,,,,,,,2319881.6801664466,43739.161560058594,,,313972.91271972656,,14826.055114746094,2691.5650634765625,,,,,,,20894.53436279297,,,,674.0321044921875,,,,,,,4042.5626831054688,,21553.622680664062,,,,,,,,,,,,,,,,,,,,,2017,1,31005,4,
2_0000172d1760843df5a1,,7355.957824707031,,,670.6538696289062,,,26432.11208591835,2507.0046829522826,,,,,,2005.150390625,,,,1114679.9910761814,2011.0811767578125,1317572.7599441828,,,,,,,,,,,,,,,,,,,,,,,,,,,,,,,,,,,,,,,,,,,,,,,,,,,,,,,,10059.033081054688,,,,,,,,813056.4857883827,12741.401245117188,,,14066.893432617188,,,,,,,,,,,,,,,,,,,,,669.898193359375,,1335.7515869140625,,,,,,,,,,,,,,,,,,,,,2017,1,31075,4,
2_0000adbd154595cf0944,,669.1748657226562,,,2676.743896484375,,,2009.7279052734375,,,,,,,,,,,379937.56473532284,,122440.24517463235,,,,,,,,,,,,,,,,,,,,,,,,,,,,,,,,,,,,,,,,,,,,,,,,,,,,,,669.0745849609375,,37472.35723876953,,,,,,,,646318.0036800609,104388.31115722656,,,9368.241638183594,,,,,,,,,,64155.08740234375,,,,,,,,,,,,,,,,,,,,,,,,,,,,,,,,,,2017,1,31091,4,
2_0000da69bac2e393c7f1,,40135.74353027344,,,5341.534362792969,,,6015.855285644531,668.179931640625,,,,4672.9417724609375,,,,,,124011.32970616958,18043.10174560547,289286.1206665039,,,,,,,,,,,,,,,,,,,,,,,,,,,,,,,,,,,,,,,,,,,,,,,,,,,,,,61654.23028564453,670.6316528320312,,,,,,,,,400517.00017736095,1337.165771484375,,,7348.422668457031,,,,,,,,,,,,,,,,,,,,,,,,,,,,,,,,,,,,,,,,,,,,2017,1,31171,4,
2_0000fcf2c95b2e576f06,,2.054779906677246E7,,,78921.56726074219,,,258565.92584228516,8741.206681793812,,,76397.50549316406,664.4228515625,,12516.896301269531,10550.005310058594,9904.572570800781,2636.26171875,8586280.165194163,194447.08532714844,3802963.8675546683,,,,,,,,660.23388671875,,,,,,,,,,,,,,,,45503.357360839844,,,,,,,,,,,,,,,1376504.9521484375,,,,,,,,,,,,,,,210580.43157958984,509818.1565551758,744782.6752319336,,,,,,,,1.0733468501556994E7,274461.3359375,,,624987.8907470703,,4002198.691040039,659.4346923828125,272283.8049926758,,,,,,2244215.6994018555,,,,65930.37896728516,,,,,,,42295.883850097656,,40268.973876953125,,,,,,,,,,,,,,,,,,,,,2017,1,31031,4,
2_00005ee21bf085934e5d,,2314232.300476074,,,656.2944946289062,,,91984.25599532781,4587.216613769531,,,,6549.962097167969,,2626.2881469726562,,,1965.5365600585938,908598.9041137695,40015.748596191406,219337.53582763672,,,1310.2129516601562,,,,,10479.957763671875,,,,,,,,,,,,,,,,,,,,129221.91522216797,,,,,,,,,,,320030.1160888672,,,,,,,,,,,,,,,25601.156127929688,190047.9028930664,1026528.9437866211,,,,,,,,3531145.9909057617,4482834.204772949,,,219669.3857421875,,282840.9591064453,,,,,,,,513484.8137207031,,,26245.07098388672,74785.6015625,,,,,,,552177.4801635742,,98980.61706542969,,,,,,,,,,,,,,,,,,,,,2017,1,46007,4,
2_0000f426c16022047ec5,,2.8635806733240224E7,,,3328.3832397460938,,,614093.3741562788,92763.23681640625,2000.01416015625,,,,,667.0964965820312,666.2348022460938,,665.898681640625,2785816.479854569,53275.689025878906,244646.66564941406,,,19995.047241210938,,,,,6664.367004394531,,,,,,,,,,1203960.3944091797,,,,,,146770.09130859375,,,,5337.622863769531,,,,,,,,,,,7704118.587503111,,,,,,,,,,,,,,,1040366.4158325195,359757.69567871094,645971.1611938477,,,,,,,,7202148.76017492,593844.4226074219,,,236056.77661132812,2834885.875922947,1.5086231868430464E7,960090.4352416992,,,,,,,7335.792053222656,,,,636982.3678588867,,,,,,,50572.904357910156,,1150374.8845214844,,,,,,,,,,,,,,,,,,,,,2017,1,31013,4,
2_00005cedc2d37b83168f,,1.9107229297073954E8,,,7989.008972167969,,,5373367.070563821,129461.74042729397,,665.1388549804688,7647073.137878418,5332.5281982421875,,2058172.7463053386,,,5328.725524902344,6116315.233267032,874341.0394854377,99286.3583984375,,,,,,,,28725.81170654297,,,,,,,,,,,,,,,,,,,,,,,,,,,,,,,340011.2262573242,,,,,,,,,,,,,,,508881.9197998047,594469.6981811523,4655.478576660156,,,,,,,,1.2218181183424767E7,560172.6991577148,,,37931.84973144531,,639322.0374755859,,,,,,,,1.3790814735969096E8,,,,2003.6358032226562,,,,,,,,,19327.774963378906,,,,,,,,,,,,,,,,,,,,,2017,1,31003,4,
2_00002553a16297ab8926,,1.3396168394899231E8,,,11317.853576660156,,,2354714.1230444815,40896.97510914522,,,61273.80047607422,666.005126953125,,928663.0766869638,,,,2102995.9535917393,161723.47178763596,6650.106201171875,,,,,,,,,,,,,,,,,,,,,,,,,,,,,,,,,,,,,,,394540.00341796875,,,,,,,,,,,,,,,189730.4727783203,292657.41955566406,,,,,,,,,5011349.606994629,186352.48626708984,,,9315.962280273438,,664.3779296875,,,,,,,,1.041308523665628E8,,,,,,,,,,,,,2663.7398681640625,,,,,,,,,,,,,,,,,,,,,2017,1,31139,4,
2_0000417ac306ce8a8520,,4.884591034428615E7,,,1337.2265625,,,857396.4521266563,22072.686950683594,670.3011474609375,,668.1492919921875,,,628094.1328125,,,,754838.782213398,119720.89617919922,668.3165893554688,,,,,,,,,,,,,,,,,,,,,,,,,,,4014.2276611328125,,,,,,,,,,,,70869.53839111328,,,,1335.4500732421875,,,,,,,,,,,90899.369140625,86889.94464111328,,,,,,,,,2453444.2763061523,72898.6908569336,,,670.659423828125,,,,667.6412963867188,,,,,,4.083744560158093E7,,,,,,,,,,,,,2005.0696411132812,,,,,,,,,,,,,,,,,,,,,2017,1,31119,4,
2_0000167d7ba73e3c9689,,7.185202984992005E7,,,3347.3427734375,,,675699.9426875096,4016.1537475585938,,,,,,319164.6866455078,,,,403367.66943359375,57547.50012207031,,,,668.1687622070312,,,,,,,,,,,,,,,,,,,,,,,,,,,,,,,,,,,,52979.63348388672,,,,,,,,,,,,,,,15410.85546875,10724.532897949219,,,,,,,,,1374919.6111450195,44148.294860839844,,,,,,,,,,,,,4.951823211009593E7,,,,,,,,,,,,,2682.021240234375,,,,,,,,,,,,,,,,,,,,,2017,1,31167,4,
2_0000b71ee01145c941df,,7.526504296620734E7,,,11446.421691894531,,,1299269.098449707,45111.55798339844,6068.45751953125,,5381.708557128906,1348.8470458984375,,616380.359226122,,,,1085671.8153959387,212856.90216064453,674.51171875,,,671.8129272460938,,,,,,,,,,,,,,,,,,,,,,,,,,,,,,,,,,,,72059.49792480469,,,,4044.661376953125,,,,,,,,,,,33010.21209716797,47155.30059814453,5384.663879394531,,,,,,,,1560192.7431030273,239279.09338378906,,,5397.5587158203125,,,,,,,,,,5.436388532925523E7,,,,4046.4525146484375,,,,,,,,,18212.92938232422,,,,,,,,,,,,,,,,,,,,,2017,1,31141,4,
2_000029b5b93fb7b86898,,4.384392278315119E7,,,4722.79150390625,,,798253.4189651788,98140.69882573147,3369.9283447265625,,17541.664184570312,,,233276.76953125,,,,1350808.2704295437,186302.60451636222,55304.812072753906,,,,,,,,,,,,,,,,,,,,,,,,,,,,,,,,,,,,,,,76290.43933105469,,,,,,,,,,,,,,,284138.72076416016,198898.10858154297,1350.6997680664062,,,,,,,,2792394.8630318437,35767.76495361328,,,100503.42126464844,,,,,,,,,,2.7930552680064715E7,,,,30356.596557617188,,,,,,,,,7417.92041015625,,,,,,,,,,,,,,,,,,,,,2017,1,31125,4,
2_0000423f718943cc2c39,,4.484109352506391E7,,,3382.917724609375,,,832182.7796824736,17588.488403320312,677.4260864257812,,14216.868103027344,676.8121948242188,,680661.4694213867,,,,1859266.899668974,205486.7237548828,3380.3057250976562,,,,,,,,,,,,,,,,,,,,,,,,,,,,,,,,,,,,,,,4733.483703613281,,,,,,,,,,,,,,,1351.7001342773438,11487.597534179688,1350.8042602539062,,,,,,,,1376295.012145996,132420.47564697266,,,10145.412719726562,,,,,,,,,,2.5305516600034468E7,,,,,,,,,,,,,4053.1741943359375,,,,,,,,,,,,,,,,,,,,,2017,1,31143,4,
2_0000665cd7dad19a60c0,,5.100324608029187E7,,,18941.454650878906,,,1182274.5641493853,216456.35362836052,1353.3199462890625,,733243.6622924805,,,145037.41377312155,,,,2171313.0451964135,287395.1697090897,129454.30603027344,,,2702.7603149414062,,,,,,,,,,,,,,,,,,,,,,,,,,,,,,,,,,,,18933.545776367188,,,,,,,,,,,,,,,331820.25842285156,7428.139221191406,2029.10888671875,,,,,,,,2139589.834125115,132040.94415283203,,,39927.764587402344,,,,,,,,,,1.9579880758472875E7,,,,676.466552734375,,,,,,,,,27702.342224121094,,,,,,,,,,,,,,,,,,,,,2017,1,31121,4,
2_00001b87d82297e77382,,4.66525870121223E7,,,5434.183410644531,,,885837.4501498352,38092.87121582031,1361.6641235351562,,678.2005004882812,,,716748.2829589844,,,681.193603515625,723817.811382219,86332.71130371094,2293.580499387255,,,,,,,,,,,,,,,,,,,,,,,,,,,,,,,,,,,,,,,2041.6761474609375,,,,,,,,,,,,,,,,5431.363586425781,,,,,,,,,236093.88649662992,18352.743591308594,,,12935.518005371094,,,,681.2180786132812,,,,,,2.47027324056418E7,,,,,,,,,,1359.9219970703125,,,,,,,,,,,,,,,,,,,,,,,,2017,1,31185,4,
2_0000a7c600f5a8ea7537,,2.9492446430408433E7,,,11619.940490722656,,,453372.6147549498,7505.669372558594,,,1363.5225830078125,,,604594.3951416016,,,,1012034.9315211875,42349.201110839844,7941.928096995634,,,,,,,,,,,,,,,,,,,,,,,,,,,,,,,,,,,,,,,73248.63836669922,,,,,,,,,,,,,,,,103091.38891601562,,,,,,,,,383067.88458251953,45112.44207763672,,,28011.22918701172,,,,,,,,,,1.6954925399508607E7,,,,,,,,,,,,,,,,,,,,,,,,,,,,,,,,,,2017,1,31059,4,
2_0000ee5d8121a2e949e9,,4.297404157146068E7,,,17751.681701660156,,,630264.2627900965,43069.20031738281,425.02541360294117,,3417.5139770507812,,,349226.8415527344,,,4778.2515869140625,1669394.448685231,43717.31671142578,25981.559997558594,,,,,,,,,,,,,,,,,,,,,,,,,,,,,,,,,,,,,,,243052.76446533203,,,,,,,,,,,,,,,,5467.1181640625,,,,,,,,,608154.2601928711,18459.01739501953,,,255077.41918945312,,,,,,,,,,2.140748090209961E7,,,,,,,,,,,,,8889.818298339844,,,,,,,,,,,,,,,,,,,,,2017,1,31035,4,
2_00003b643bb9d6e9009b,,1.349108022442627E7,,,8928.826477050781,,,291785.578125,2745.6365356445312,,,2057.5271606445312,,,13740.299255371094,,,,482165.47030412266,273220.5166118547,4808.615295410156,,,62499.01867675781,,,,,,,,,,,,,,,,,,,,,,,,,,,,,,,,688.4561767578125,,,,1154259.4566470876,,,,,,,,,,,,,,1372.859130859375,16476.6162109375,17843.68182373047,,,,,,,,,482925.55946619366,2057.6642456054688,,,387944.8381898169,,,,,,,,,,8507499.970214844,,,,4118.4190673828125,,,,,,,,,322839.78399658203,,,,,,,,,,,,,,,,,,,,,2017,1,31083,4,
2_0000db19a64345fdfe28,,4.8859679757898666E7,,,21854.647399902344,,,900673.5488506242,107103.8919720818,3415.9002075195312,,452336.9036254883,684.0493774414062,,123799.6997680664,,,,1125100.3978881836,321168.37103271484,34829.69110107422,,,,,,,,,,,,,,,,,,,,,,,,,,,,,,,,,,,,,,,492449.7863769531,,,,,,,,,,,,,,20524.70654296875,,23264.84588623047,,,,,,,,,481014.2430419922,4775.602478027344,,,46339.02298416437,,,,,,,,,,2.2188930914146513E7,,,,4110.0391845703125,,,,,,,,,12289.090087890625,,,,,,,,,,,,,,,,,,,,,2017,1,31001,4,
2_0000ea38bf63b37ab233,,3.297101975189281E7,,,25977.541625976562,,,629991.7267846201,86989.64049383425,8880.528564453125,2728.0864868164062,70323.15539550781,2732.3793334960938,,19838.665954589844,,,2046.1710815429688,1320964.4395751953,635060.6410802505,18440.145568847656,,,2737.9635620117188,,,,,,,,,,,,,,,,,,,,,,,,,,,,,,,,682.50439453125,,,,1310770.967163086,,,,,,,,,,,,,,14338.557189941406,42306.32147216797,3421.546630859375,,,,,,,,,891838.5653076172,12289.994689941406,,,153152.0050048828,,,,,,,,,,1.5401142851724783E7,,,,3425.0236206054688,,,,,,,,,66335.77801513672,,,,,,,,,,,,,,,,,,,,,2017,1,31099,4,
2_0000bf9c9115615ebfc6,,2.3308073928710938E7,,,88853.78576660156,,,475944.88856895297,40297.552307128906,683.0975952148438,,13658.196166992188,2047.4830322265625,,44203.53332758885,,,,862802.6503001493,607160.8628597484,42996.49304199219,,,,,,,,,,,,,,,,,,,,,,,,,,,,,,,,,,,,,,,203234.52221679688,,,,,,,,,,,,,,30754.04766845703,,83265.49127197266,681.9078369140625,,,,,,,,1243078.034729004,19094.01873779297,,,120994.17749023438,,,,,,,,,,1.0635923790100098E7,,,,,,,,,,,,,12298.862609863281,,,,,,,,,,,,,,,,,,,,,2017,1,31137,4,
2_0000b59f0661ad6c9cdb,,1.707345672094516E8,,,13591.996765136719,,,2141256.7829407933,677355.2419902727,3400.9281616210938,5439.834777832031,87078.31005859375,3393.2598876953125,,215063.19436561735,,,,4482456.773521513,560355.0015565162,48939.90808105469,,,678.6050415039062,,,,,,,,,,,,,,,,,,,,,679.87109375,,,,,,,,,,,11535.488220214844,,,,1908316.7102050781,,,,,,,,,,,,,,12247.807739257812,48908.99279785156,390107.1880493164,90285.42016601562,,,,,,,,1.2348214107537722E7,168181.05924144073,,,1766834.9219985064,,8153.122741699219,,,,,,,,8.815719740961963E7,,,,5434.518737792969,,,,,,1361.12548828125,,,59142.527099609375,,,,,,,,,,,,,,,,,,,,,2017,1,31019,4,
2_000038b9dc2377deae7f,,7.899070293641165E7,,,12244.986450195312,,,2349375.3524282426,305307.0402281518,17573.31242005591,5439.0367431640625,57847.105529785156,2037.6300659179688,,97126.82055664062,,,,2600386.2735799155,528231.6466674805,111356.66759392234,,,,,,,,,,,,,,,,,,,,,,,,,,,,,,,,,,,,,,,147813.27905273438,,,,,,,,,,,,,,4761.7418212890625,129754.66845703125,11550.262512207031,,,,,,,,,4030000.224239813,45519.77941894531,,,92420.78033447266,,,,,,,,,,1.905197229846287E7,,,,256645.13012695312,,,,,,679.8847045898438,,,58412.465759277344,,,,,,,,,,,,,,,,,,,,,2017,1,31079,4,
2_00005945e4f1d0e94c35,,4.103737992790479E7,,,8159.106872558594,,,666828.5671094707,22416.89190673828,935.4466121897979,,199654.24877929688,,,390712.56967318663,,,681.5847778320312,627052.6063232422,105303.86924330768,25794.272094726562,,,,,,,,,,,,,,,,,,,,,,,,,,,,,,,,,,,,,,,300968.3215942383,,,,,,,,,,,,,,,11563.67333984375,2720.432373046875,,,,,,,,,404888.19317626953,46835.52099609375,,,53779.42028808594,,,,,,,,,,1.76873182232666E7,,,,680.0917358398438,,,,,,,,,,,,,,,,,,,,,,,,,,,,,,2017,1,31081,4,
2_0000b5d3eb8739b463b3,,5.282976419159127E7,,,11498.390441894531,,,1140149.6858652153,178738.5697378121,3717.6903708065256,,19641.640258789062,1351.3485717773438,,232073.00880821078,,,,4525569.881966146,378568.78053241805,106330.89942267923,,,2026.7764282226562,,,,,,,,,,,,,,,,,,,,,,,,,,,,,,,,,,,,127214.1713256836,,,,,,,,,,,,,,,81857.90844726562,77730.07312011719,,,,,,,,,7780979.8689575195,189670.548828125,,,203796.73168945312,,,,,,,,,,2.2465837286147654E7,,,,1356.0646362304688,,,,,,,,,14878.751708984375,,,,,,,,,,,,,,,,,,,,,2017,1,31093,4,
2_00002b9c011414d52e0b,,2.5512536551948577E7,,,2018.611572265625,,,602378.7437775257,50279.01874042586,671.4693603515625,672.8090209960938,9411.908508300781,672.421875,,110663.19835157208,,,,1322735.111488731,115674.34167480469,22881.095092773438,,,,,,,,,,,,,,,,,,,,,,,,,,,671.0867309570312,,,,,,,,1343.814208984375,,,,6056.3641357421875,,,,,,,,,,,,,,,68560.14324951172,92705.9574584961,9408.469665527344,,,,,,,,2329812.9212646484,73240.13598632812,,,87375.63208007812,,,,,,,,,,1.5489147436487773E7,,,,,,,,,,,,,14126.459594726562,,,,,,,,,,,,,,,,,,,,,2017,1,31077,4,
2_0000f211cf453b9dce22,,1.0233901673781145E8,,,1343.1296997070312,,,2010812.9990375587,111558.98693847656,3361.1006469726562,,37542.94854736328,,,457573.82708740234,,,1342.8887939453125,1838013.3188737459,266191.8158569336,62295.304626464844,,,12732.77978515625,,,,,671.4472045898438,,,,,,,,,,,,,,,,,,,,,,,,,,,,,,,27531.634704589844,,,,,,,,,,,,,,,145568.64587402344,66420.4174194336,670.5400390625,,,,,,,,6751784.168946031,413010.5934472178,,,33339.464194862514,,,,,,,,,,7.969198939990616E7,,,,4028.4027709960938,,,,,,,,,6042.538146972656,,,,,,,,,,,,,,,,,,,,,2017,1,31011,4,
2_0000f8787c83bbd1ac6e,,1.0693153513638604E7,,,14706.132934570312,,,572963.6762915518,15415.486590935203,,671.03125,21393.354858398438,,,129096.18876330806,,,1337.4107666015625,4497130.919384526,453985.9927368164,429038.57916259766,,,,,,,,,,,,,,,,,,,,,,,,,,,,,,,,,,,1334.9139404296875,,,,33432.595947265625,,,,,,,,,,,,,,,141021.4370727539,78254.6821899414,1421089.459411621,,,,,,,,2030551.0967459884,2476924.7709937003,,,171842.33957711013,,4007.4164428710938,,,,,,,,5763086.2959764665,,,,1335.0423583984375,,,,,,,,,48133.98974609375,,,,,,,,,,,,,,,,,,,,,2017,1,31183,4,
2_00001526d1b01bd3aca2,,2.005243932160022E7,,,1345.9542236328125,,,326620.7870722752,45256.85308287377,,,45803.3544921875,,,126447.21124267578,,673.6900634765625,,1794869.5187878178,94197.47198486328,57851.09930419922,,,,,,,,,,,,,,,,,,,,,,,,,,,,,,,,,,,,,,,32995.814880371094,,,,,,,,,,,,,,,28888.94989013672,107044.30078125,55160.410400390625,,,,,,,,3165198.785095215,254025.89166259766,,,328197.2144165039,,673.1323852539062,,,,,,,,9189546.866600845,,,,,,,,,,,127218.91613769531,,30309.215454101562,,,,,,,,,,,,,,,,,,,,,2017,1,31175,4,
2_0000061d6cac530e3fe0,,5683842.039611816,,,5363.839538574219,,,199365.13199989466,14071.421936035156,,,,,,60953.849853515625,,,,1768781.729556813,82348.90502929688,98999.11218261719,,,,,,,,,,,,,,,,,,,,,,,,,,,,,,,,,,,,,,,2681.0735473632812,,,,,,,,,,,,,,,2011.5839233398438,193020.2466430664,442979.6782836914,,,,,,,,2276405.68560791,300502.09802246094,,,631354.2401733398,,6704.35595703125,,,,,,,,2069294.5147611732,,,,,,,,,,,2011.2840576171875,,246417.93621826172,,,,,,,,,,,,,,,,,,,,,2017,1,31071,4,
2_000074b00c1136681cd6,,6.742695689037058E7,,,24313.63348388672,,,1132046.502904316,290034.61193751916,3131.709816607307,677.9215087890625,29741.07598876953,2028.1942138671875,,218492.62965949564,,,1351.5189208984375,3353539.362865014,248854.57544950597,71004.59924316406,,,,,,,,,,,,,,,,,,,,,,,,,,,,,,,,,,,61678.53430175781,,,,60225.57977294922,,,,,,,,,,,,,,,64960.34130859375,127144.99694824219,179754.6099243164,,,,,,,,8434529.106737563,413552.4473639993,,,817951.3358764648,,677.138427734375,,4050.0796508789062,,,,,,3.103441137722838E7,,,,,,,,,,,677.5219116210938,,2029.7933959960938,,,,,,,,,,,,,,,,,,,,,2017,1,31163,4,
2_00003d01471c8d11786f,,8.184941763392764E7,,,15522.350769042969,,,1423494.12362635,120742.06921386719,1346.0015258789062,3363.9962768554688,3374.8128662109375,6727.308898925781,,244131.92431640625,,4712.1246337890625,2029.4298706054688,5812275.1061954275,530213.9666748047,281813.83123779297,,,14138.552734375,,,,,,,,,,,,,,,,,,,,,,,,,,,,,,,,,,,,777983.2626342773,,,,,,,,,,,,,,,244869.0411376953,441995.2330932617,115191.04669189453,,,,,,,,1.3568872429749971E7,244305.6343383789,,,2707178.308287138,,12096.201538085938,,678.00634765625,,,,,,3.4208836802612305E7,,,,125371.89080810547,,,,,,3369.0807495117188,,,350998.18493652344,,,,,,,,,,,,,,,,,,,,,2017,1,31041,4,
2_0000e4b47eed494bfa73,,7.985118878055085E7,,,27209.97119140625,,,2212394.8777018227,810749.9324958352,7484.015197753906,2039.1366577148438,64042.06359863281,7485.5555419921875,,23114.544311523438,,1359.1424560546875,,4114772.9371948247,621209.2918701172,158428.54132080078,,,,,,,,32027.115356445312,,,,,,,,,,,,,,,,,,,,,,,,,,,,,,,781739.0977783203,,,,,,,,,,,,,,,2720.0610961914062,341319.63092041016,2719.8995361328125,,,,,,,,1.6571254263061523E7,92485.35229492188,,,1406317.0036010742,,1360.1481323242188,679.2466430664062,,,,,,,3.026051568019038E7,,,,21792.643432617188,,,,,,,3407.2722778320312,,128605.70056152344,,,,,,,,,,,,,,,,,,,,,2017,1,31047,4,
2_00000a57ee47aa162400,,5031587.144165039,,,3344.9379272460938,,,302818.4360961914,51622.95129394531,,,670.773193359375,670.12890625,,92528.79760742188,,,,1512613.7798081343,126632.55255126953,116484.13397216797,,,2007.1513671875,,,,,,,,,,,,,,,,,,,,,,,,,,,,,,,,,,,,73754.92864990234,,,,,,,,,,,,,,,16076.272155761719,267338.84033203125,288405.47033691406,,,,,,,,1967571.187927246,203391.96118164062,,,792169.5568237305,,,,669.1581420898438,,,,,,1336231.5223999023,,,,,,,,,,,,,11379.577392578125,,,,,,,,,,,,,,,,,,,,,2017,1,31115,4,
2_0000e1dbca718c660c2a,,1555626.2324829102,,,,,,26756.668823242188,,,,,,,667.6021728515625,,,,938948.5438232422,12039.858093261719,303806.31982421875,,,,,,,,,,,,,,,,,,,,,,,,,,,,,,,,,,,,,,,,,,,,,,,,,,,,,,2679.2451782226562,2011.4061889648438,,,,,,,,,1568085.893005371,368560.90936279297,,,76352.8984375,,2671.0621337890625,,,,,,,,179027.17193603516,,,,,,,,,,,,,,,,,,,,,,,,,,,,,,,,,,2017,1,31009,4,
2_000070e0f914d7e0b37b,,7619278.999348002,,,1366.0484008789062,,,71734.36322021484,4775.554992675781,,,9560.447509765625,1364.6807250976562,,684.8779907226562,,,,303395.96453833487,98373.51080322266,2730.4479370117188,,,685.0720825195312,,,,,,,,,,,,,,,,,,,,,,,,,,,,,,,,,,,,131366.7099609375,,,,,,,,,,,,,,,,5465.7305908203125,,,,,,,,,235091.8525390625,35471.64562988281,,,149862.22039794922,,,,,,,,,,3874026.342102051,,,,,,,,,,,,,172258.91278076172,,,,,,,,,,,,,,,,,,,,,2017,1,31073,4,
2_000011d7262caf4d5f88,,1.6855961563786525E7,,,13723.797729492188,,,256589.40161132812,17150.868408203125,686.1168212890625,,1371.5018310546875,685.9150390625,,4800.124084472656,,,,1232430.889390893,632072.3123779297,13038.3828125,,,685.7347412109375,,,,,686.5173950195312,,,,,,,,,,,,,,,,,,,,,,,,,,,,,,,1535735.745727539,,,,,,,,,,,,,,,1373.0023803710938,158599.1697998047,,,,,,,,,1816330.1177526137,,,,757710.2578125,,686.7269287109375,,,,,,,,7882499.148391783,,,,39838.4775390625,,,,,,,,,781471.3159179688,,,,,,,,,,,,,,,,,,,,,2017,1,31065,4,
2_0000141f2e4d103531d9,,8799624.584643077,,,2824.587646484375,,,213248.6588946174,3526.4819819431677,,,,,,39574.92102050781,,,,274580.4447631836,93403.52862548828,2828.22314453125,16283.209777832031,,8494.539245605469,,,,,,,,,,,,,,,,,,,,,,,,,,,,,,,,,,,,2539623.2692871094,,,,,,,,,,,,,,1413.863037109375,1281463.8659057617,,,,,706.156005859375,,,,,2256628.8200683594,707.21875,,,515494.22932464,,,,,,,,,,3006504.2603460574,,,,,,,,,,,,,68626.0806274414,,,,,,,,,,,,,,,,,,,,,2017,1,20185,4,
2_0000045068059ed6d7ea,,4802213.661376953,7238.703063964844,,,,,184522.9139404297,8680.7216796875,2892.4603271484375,,,3619.52001953125,,,,,3611178.498072486,1544486.8923773074,20982.437927246094,,6543192.5724487305,,2886661.2943115234,,,,,,,,,,,,,,,,,,,,,479719.27111816406,,,,,,,,,,,58671.639404296875,,2664227.5126953125,,3575182.492254519,,,,,,,,,,,,,,,65012.11589690564,12298.452392578125,,,,,,,,,3151484.9865634097,273481.7163696289,,,1627549.3052191043,,,,,,,,,,223553.1401977539,,,,6508.090087890625,,,,,,13751.730285644531,,,264047.78857421875,,,,,,,,,,,2169.301025390625,,,,,,,,,,2017,1,48295,4,
