StateAbbrev,fips5,year,drylandAg,pasture,activeIrr_acres,cumLoss_drylandAg_acres,cumLoss_pasture_acres
CO,08125,2018,48.64235330746674,43.37309581934906,305959.2892488732,48.64235330746674,43.37309581934906
CO,08125,2019,113.52270779723023,32.2839138208313,305813.48262725514,162.16506110469697,75.65700964018036
CO,08125,2020,52.5864686215918,48.285635416179204,305712.61052321736,214.75152972628877,123.94264505635957
CO,08125,2021,132.19179466253908,23.38739858391449,305557.0313299709,346.9433243888278,147.33004364027406
CO,08125,2022,80.56187184875367,56.14037835492096,305420.3290797672,427.5051962375815,203.470421995195
CO,08125,2023,65.85219150306457,88.8975233926001,305265.5793648716,493.3573877406461,292.36794538779515
CO,08125,2024,42.038712017898256,40.68939950904083,305182.8512533446,535.3960997585443,333.05734489683596
CO,08125,2025,89.55271950991303,83.05963211353394,305010.2389017212,624.9488192684573,416.1169770103699
CO,08125,2026,84.34042871322235,43.20924819174896,304882.6892248162,709.2892479816798,459.32622520211885
CO,08125,2027,140.04975385746064,59.80917764559082,304682.8302933132,849.3390018391403,519.1354028477097
CO,08125,2028,72.91343817760468,65.54548869539215,304544.3713664402,922.252440016745,584.6808915431018
CO,08125,2029,146.00071178170137,49.02500514299835,304349.34564951545,1068.2531517984464,633.7058966861002
CO,08125,2030,96.5188157678534,65.50875236845185,304187.31808137917,1164.7719675662997,699.2146490545521
CO,08125,2031,129.60966788829225,88.7773099471753,303968.9311035437,1294.381635454592,787.9919590017273
CO,08125,2032,132.72875764330843,57.065623632995916,303779.1367222674,1427.1103930979004,845.0575826347233
CO,08125,2033,123.50012426730042,51.87242074738342,303603.7641772527,1550.6105173652008,896.9300033821066
CO,08125,2034,91.21211110362184,64.69693572084839,303447.8551304282,1641.8226284688228,961.626939102955
CO,08125,2035,123.22477340421204,104.27643467756317,303220.3539223465,1765.0474018730347,1065.9033737805182
CO,08125,2036,158.65643595673768,130.8431440162195,302930.8543423735,1923.7038378297725,1196.7465177967376
CO,08125,2037,189.621518615606,149.3341327429654,302591.89869101497,2113.3253564453785,1346.0806505397031
CO,08125,2038,78.31892639872864,89.05443015083802,302424.5253344654,2191.6442828441072,1435.1350806905411
CO,08125,2039,144.7912168376727,74.04245822291016,302205.6916594048,2336.4354996817797,1509.1775389134514
CO,08125,2040,203.9963525913608,66.49250535073304,301935.20280146267,2540.4318522731405,1575.6700442641843
CO,08125,2041,227.4329938747803,110.49760575015534,301597.27220183774,2767.864846147921,1686.1676500143396
CO,08125,2042,340.5659505448194,110.52007726830934,301146.18617402465,3108.4307966927404,1796.6877272826491
CO,08125,2043,334.49948649222324,144.13514958515626,300667.55153794726,3442.9302831849636,1940.8228768678052
CO,08125,2044,254.89559457436903,159.29540638211793,300253.36053699075,3697.8258777593323,2100.118283249923
CO,08125,2045,358.0746629467755,207.84622259540834,299687.43965144857,4055.900540706108,2307.9645058453316
CO,08125,2046,356.7811901803275,250.3771679844559,299080.2812932838,4412.681730886436,2558.3416738297874
CO,08125,2047,459.7235303158878,231.87209427270997,298388.6856686952,4872.405261202323,2790.2137681024974
CO,08125,2048,616.4230890506308,339.9770218681934,297432.2855577764,5488.828350252954,3130.1907899706907
CO,08125,2049,391.8251920741452,311.5497726998871,296728.91059300234,5880.653542327099,3441.740562670578
CO,08125,2050,480.3393600817728,267.39400857826115,295981.1772243423,6360.992902408872,3709.134571248839
CO,08125,2051,509.876766977452,311.73157308488953,295159.56888428,6870.869669386324,4020.8661443337287
CO,08125,2052,413.2365312166638,338.33571926842654,294407.99663379486,7284.106200602988,4359.201863602155
CO,08125,2053,557.8792697337518,355.5383456448743,293494.57901841623,7841.98547033674,4714.740209247029
CO,08125,2054,573.911738285716,523.3761094823765,292397.2911706482,8415.897208622455,5238.116318729406
CO,08125,2055,577.0488482754154,433.7254888989548,291386.5168334738,8992.94605689787,5671.841807628361
CO,08125,2056,471.1843337109235,310.55454705656433,290604.7779527063,9464.130390608794,5982.396354684925
CO,08125,2057,523.847655863613,317.7770436416638,289763.15325320105,9987.978046472408,6300.1733983265885
CO,08125,2058,485.62526201611547,371.2906356012558,288906.23735558364,10473.603308488524,6671.464033927845
CO,08125,2059,512.0593247416504,345.9795499151743,288048.1984809268,10985.662633230173,7017.443583843019
CO,08125,2060,592.178696016021,478.19149816204805,286977.8282867488,11577.841329246194,7495.635082005067
CO,08125,2061,671.3662177695172,372.1877801663577,285934.2742888129,12249.207547015712,7867.822862171424
CO,08125,2062,735.1436147028919,296.4204873993658,284902.71018671064,12984.351161718603,8164.24334957079
CO,08125,2063,495.3881774706607,269.114015335908,284138.20799390407,13479.739339189264,8433.357364906698
CO,08125,2064,712.3648304284521,349.4593098840897,283076.3838535915,14192.104169617716,8782.816674790789
CO,08125,2065,574.0328476375867,354.09030065359497,282148.2607053003,14766.137017255303,9136.906975444383
CO,08125,2066,597.9302229653656,356.55467623222313,281193.7758061027,15364.06724022067,9493.461651676605
CO,08125,2067,550.6131473294085,572.8028489805802,280070.3598097928,15914.680387550077,10066.264500657186
CO,08125,2068,819.265888054875,415.250924528241,278835.84299720963,16733.94627560495,10481.515425185427
CO,08125,2069,564.5241295067743,407.23737618913,277864.08149151376,17298.470405111726,10888.752801374558
CO,08125,2070,792.4373320870847,488.4957323480811,276583.14842707856,18090.90773719881,11377.248533722639
CO,08125,2071,688.533275896908,463.80689066998326,275430.80826051167,18779.44101309572,11841.055424392622
CO,08125,2072,771.659033339375,408.3363709710172,274250.8128562013,19551.100046435095,12249.39179536364
CO,08125,2073,775.1799801977184,497.1493027708981,272978.48357323266,20326.280026632812,12746.541098134538
CO,08125,2074,815.3590630433494,429.30890232444796,271733.8156078649,21141.639089676162,13175.850000458984
CO,08125,2075,782.2579738386804,457.835672884232,270493.721961142,21923.897063514843,13633.685673343218
CO,08125,2076,932.5515831095682,491.61850563266023,269069.55187239975,22856.44864662441,14125.304178975877
CO,08125,2077,961.2770090128752,539.1399586559271,267569.13490473095,23817.725655637285,14664.444137631805
CO,08125,2078,866.9152883797684,483.43158721271243,266218.78802913846,24684.640944017054,15147.875724844516
CO,08125,2079,1109.543709524874,651.1347767079935,264458.1095429056,25794.184653541928,15799.01050155251
CO,08125,2080,1069.674649402966,715.4087268404718,262673.02616666217,26863.859302944893,16514.41922839298
CO,08125,2081,1194.0953837236732,728.3566375994645,260750.57414533902,28057.954686668567,17242.775865992448
CO,08125,2082,1173.2264665403086,643.5239627822583,258933.82371601643,29231.181153208876,17886.299828774703
CO,08125,2083,1215.8245434740934,631.9943675345554,257086.00480500777,30447.00569668297,18518.29419630926
CO,08125,2084,1294.3762938320965,587.9014055785486,255203.72710559715,31741.381990515067,19106.195601887808
CO,08125,2085,1414.709476649036,645.7991332791898,253143.21849566893,33156.0914671641,19751.994735166998
CO,08125,2086,1508.6035869203674,544.601469263598,251090.01343948496,34664.69505408447,20296.596204430596
CO,08125,2087,1429.637226212199,638.3033413918939,249022.07287188087,36094.332280296665,20934.89954582249
CO,08125,2088,1304.5876811655457,501.5047893443662,247215.98040137097,37398.91996146221,21436.404335166855
CO,08125,2089,1393.3932311541218,606.5273451417853,245216.05982507503,38792.31319261633,22042.931680308644
CO,08125,2090,1785.966293855746,727.7694510668518,242702.32408015244,40578.279486472085,22770.701131375496
CO,08125,2091,1587.6062771061006,684.8792185973423,240429.838584449,42165.88576357818,23455.580349972835
CO,08125,2092,1414.124834242709,678.5084141356809,238337.20533607062,43580.01059782089,24134.088764108517
CO,08125,2093,1514.104297122619,665.3836331502173,236157.7174057978,45094.11489494351,24799.472397258734
CO,08125,2094,1330.1113559103133,561.2009539314563,234266.405095956,46424.226250853826,25360.67335119019
CO,08125,2095,1394.2979791448408,600.4120939895279,232271.69502282166,47818.524229998664,25961.08544517972
CO,08125,2096,1485.0724868247721,479.4707988416333,230307.15173715522,49303.596716823435,26440.55624402135
CO,08125,2097,1343.21032216039,564.4888264612281,228399.45258853363,50646.807038983825,27005.04507048258
CO,08125,2098,1466.6254748882627,469.550244936225,226463.27686870913,52113.43251387209,27474.595315418806
CO,08125,2099,1361.766811388348,634.7447300274442,224466.76532729334,53475.19932526044,28109.34004544625
CO,08125,2100,1241.1747234910965,477.19295596385194,222748.3976478384,54716.37404875153,28586.533001410102
KS,20055,2018,226.99298674263184,0,273670.8445683986,226.99298674263184,0
KS,20055,2019,274.2495795084949,0.6981876364538575,273395.89680125366,501.24256625112673,0.6981876364538575
KS,20055,2020,244.39668059041657,1.3966608674072267,273150.1034597958,745.6392468415434,2.0948485038610842
KS,20055,2021,266.4033676345975,0.698339935421753,272883.0017522258,1012.0426144761408,2.7931884392828374
KS,20055,2022,232.37402698265413,3.1407062241122436,272647.4870190191,1244.4166414587949,5.933894663395081
KS,20055,2023,309.2450668511411,8.205985713805848,272330.03596645413,1553.6617083099359,14.13988037720093
KS,20055,2024,287.55767640300417,0,272042.4782900511,1841.2193847129402,14.13988037720093
KS,20055,2025,320.7471046714023,0,271721.73118537973,2161.9664893843424,14.13988037720093
KS,20055,2026,234.10479510597565,2.619206294197083,271485.00718397956,2396.0712844903182,16.759086671398013
KS,20055,2027,258.0738375802036,2.9670865469503784,271223.9662598524,2654.1451220705217,19.72617321834839
KS,20055,2028,240.95453983904176,0,270983.01172001334,2895.0996619095636,19.72617321834839
KS,20055,2029,356.1732814899115,2.966925771846619,270623.87151275156,3251.272943399475,22.693098990195008
KS,20055,2030,286.00724012135925,2.2697322564236453,270335.5945403738,3537.2801835208343,24.962831246618656
KS,20055,2031,368.9555291410608,2.617588513568115,269964.0214227192,3906.235712661895,27.58041976018677
KS,20055,2032,268.7276407334787,13.796109255572816,269681.4976727301,4174.963353395374,41.37652901575959
KS,20055,2033,192.07371729630404,0,269489.4239554338,4367.037070691677,41.37652901575959
KS,20055,2034,314.51241999887634,6.632294188163453,269168.27924124675,4681.549490690554,48.008823203923036
KS,20055,2035,269.269232348042,8.906342698085632,268890.10366620065,4950.8187230385965,56.915165902008674
KS,20055,2036,357.64334813720217,5.936123314007874,268526.5241947494,5308.462071175798,62.851289216016546
KS,20055,2037,359.574214164476,12.224050562487488,268154.7259300225,5668.036285340274,75.07533977850403
KS,20055,2038,269.27740623877685,11.8750688796167,267873.5734549041,5937.313691579051,86.95040865812074
KS,20055,2039,523.7120438583606,16.58997135158966,267333.2714396941,6461.025735437412,103.54038000971039
KS,20055,2040,342.4358921435834,23.050503161927796,266967.7850443886,6803.461627580995,126.5908831716382
KS,20055,2041,340.1593636399805,38.41931314017243,266589.20636760845,7143.620991220976,165.01019631181063
KS,20055,2042,527.838518137858,34.75221358622101,266026.6156358844,7671.459509358834,199.76240989803162
KS,20055,2043,514.9769571568519,23.052192235606995,265488.5864864919,8186.436466515685,222.81460213363863
KS,20055,2044,331.134519902146,60.33320467056092,265097.1187619192,8517.570986417832,283.14780680419955
KS,20055,2045,492.84059797831577,27.998525809075623,264576.27963813185,9010.411584396148,311.14633261327515
KS,20055,2046,670.7380301351953,138.29586627421844,263767.2457417224,9681.149614531343,449.4421988874936
KS,20055,2047,602.3605508492356,153.48525948657166,263011.3999313866,10283.510165380578,602.9274583740653
KS,20055,2048,1088.5064214010865,113.75105827580201,261809.14245170972,11372.016586781665,716.6785166498673
KS,20055,2049,930.1373436259296,153.68607707780365,260725.319031006,12302.153930407594,870.3645937276709
KS,20055,2050,928.7431570855948,347.3985970567499,259449.17727686363,13230.89708749319,1217.7631907844209
KS,20055,2051,1375.9683090653784,299.746929037078,257773.46203876118,14606.865396558567,1517.5101198214988
KS,20055,2052,1425.454135018239,500.22374905834454,255847.7841546846,16032.319531576806,2017.7338688798434
KS,20055,2053,1447.911528474603,423.85242056897187,253976.02020564102,17480.23106005141,2441.5862894488155
KS,20055,2054,2381.3855515348228,416.7036350407407,251177.93101906547,19861.616611586232,2858.289924489556
KS,20055,2055,2719.5025707653185,410.64692419218846,248047.78152410797,22581.11918235155,3268.9368486817443
KS,20055,2056,2545.7806555266807,602.3814615473873,244899.6194070339,25126.89983787823,3871.318310229132
KS,20055,2057,2596.0624574661233,325.16696054687213,241978.38998902088,27722.962295344354,4196.485270776004
KS,20055,2058,2724.8802207963895,467.32417049561525,238786.18559772888,30447.842516140743,4663.809441271619
KS,20055,2059,2709.485208728495,495.1106401264896,235581.5897488739,33157.32772486924,5158.920081398109
KS,20055,2060,2645.6196295012232,760.3884017434375,232175.58171762925,35802.94735437046,5919.308483141546
KS,20055,2061,3384.495668149532,462.8486526363404,228328.23739684338,39187.44302252,6382.157135777887
KS,20055,2062,3697.904112560253,503.5284254268607,224126.80485885625,42885.34713508025,6885.6855612047475
KS,20055,2063,3758.68920424227,612.4389702814884,219755.6766843325,46644.03633932252,7498.124531486235
KS,20055,2064,3248.476686040972,488.42708861817994,216018.77290967334,49892.51302536349,7986.551620104416
KS,20055,2065,2786.87982465231,527.1876808357081,212704.70540418534,52679.3928500158,8513.739300940124
KS,20055,2066,2482.9165349793393,636.9082499217636,209584.88061928423,55162.30938499514,9150.647550861888
KS,20055,2067,2555.2626635508086,515.8815653818216,206513.7363903516,57717.572048545946,9666.52911624371
KS,20055,2068,2783.661926312882,657.9885081659238,203072.08595587278,60501.23397485883,10324.517624409633
KS,20055,2069,2358.5732155565015,452.1973958681162,200261.31534444817,62859.80719041533,10776.715020277748
KS,20055,2070,2612.798924680721,472.22018330162234,197176.2962364658,65472.60611509605,11248.93520357937
KS,20055,2071,2553.1391469232467,376.7172731689136,194246.43981637366,68025.74526201929,11625.652476748284
KS,20055,2072,2402.0035991838895,475.8430665498825,191368.5931506399,70427.74886120319,12101.495543298168
KS,20055,2073,2504.3105170316903,513.3965069082758,188350.88612669992,72932.05937823487,12614.892050206443
KS,20055,2074,2715.06679185452,684.3279103599064,184951.49142448552,75647.1261700894,13299.21996056635
KS,20055,2075,2455.250613452387,713.6979600299014,181782.5428510032,78102.37678354178,14012.91792059625
KS,20055,2076,2486.3614304145412,592.3622349730649,178703.8191856156,80588.73821395633,14605.280155569315
KS,20055,2077,2074.6613855244946,591.0321241093436,176038.12567598175,82663.39959948082,15196.31227967866
KS,20055,2078,2353.950901841703,435.46087558123264,173248.7138985588,85017.35050132252,15631.773155259893
KS,20055,2079,2382.7161190854813,482.7844496684568,170383.2133298049,87400.066620408,16114.557604928348
KS,20055,2080,2223.4681867862346,388.8475614102469,167770.8975816084,89623.53480719424,16503.405166338594
KS,20055,2081,2608.838867670461,442.04323045821263,164720.01548347974,92232.3736748647,16945.448396796808
KS,20055,2082,2237.9954746843064,355.68696429569246,162126.33304449974,94470.369149549,17301.1353610925
KS,20055,2083,2392.123385803179,463.7087129004096,159270.50094579614,96862.49253535218,17764.84407399291
KS,20055,2084,2057.7492058733706,549.6320363526435,156663.11970357015,98920.24174122556,18314.476110345553
KS,20055,2085,2010.8614094266911,678.3121915904234,153973.94610255302,100931.10315065224,18992.788301935976
KS,20055,2086,2285.1563703680526,627.526217188407,151061.26351499656,103216.2595210203,19620.314519124386
KS,20055,2087,2056.7641560121383,569.0884285095023,148435.41093047493,105273.02367703244,20189.402947633887
KS,20055,2088,1969.7809332156685,665.6702651619395,145799.9597320973,107242.8046102481,20855.073212795825
KS,20055,2089,2202.777983226537,832.3257634673386,142764.85598540344,109445.58259347464,21687.398976263165
KS,20055,2090,1996.9057731309597,635.2801796258274,140132.67003264665,111442.4883666056,22322.679155888993
KS,20055,2091,1703.727273104715,555.4579780226845,137873.48478151925,113146.21563971032,22878.137133911678
KS,20055,2092,1553.7056473766067,568.9685543809898,135750.81057976166,114699.92128708692,23447.105688292668
KS,20055,2093,1808.1328227690624,763.5462018299606,133179.13155516263,116508.05410985599,24210.651890122626
KS,20055,2094,1653.8191540258133,478.972844787634,131046.33955634918,118161.8732638818,24689.62473491026
KS,20055,2095,1922.6591369211408,546.8876982522348,128576.79272117582,120084.53240080294,25236.512433162497
KS,20055,2096,1460.2981921695903,682.2054402407566,126434.28908876545,121544.83059297253,25918.717873403253
KS,20055,2097,1648.4909026938876,470.303085942627,124315.49510012896,123193.32149566642,26389.02095934588
KS,20055,2098,1419.5464138497339,539.1840309427191,122356.7646553365,124612.86790951615,26928.2049902886
KS,20055,2099,1575.8481955926734,390.3242888826102,120390.5921708612,126188.71610510883,27318.52927917121
KS,20055,2100,1396.2539564479614,468.7324066878662,118525.60580772537,127584.97006155679,27787.261685859074
NE,31057,2018,70.86617168406708,234.9355678773349,130636.27909482675,70.86617168406708,234.9355678773349
NE,31057,2019,58.78517146392609,235.78077463330965,130341.71314872951,129.65134314799317,470.71634251064455
NE,31057,2020,122.16115682193696,251.92798677812533,129967.62400512944,251.81249996993012,722.6443292887699
NE,31057,2021,87.48719873778413,241.88962823349732,129638.24717815817,339.29969870771424,964.5339575222672
NE,31057,2022,49.44986032261017,226.43712403004974,129362.3601938055,388.7495590303244,1190.971081552317
NE,31057,2023,60.49261701679016,179.88551890326082,129121.98205788546,449.2421760471146,1370.8566004555778
NE,31057,2024,34.492056211751404,129.60398644904635,128957.88601522466,483.734232258866,1500.460586904624
NE,31057,2025,34.493349697232055,136.24423141855348,128787.14843410888,518.227581956098,1636.7048183231775
NE,31057,2026,26.686016124103396,209.9499895929004,128550.51242839187,544.9135980802015,1846.654807916078
NE,31057,2027,104.8210245215802,279.4297197185687,128166.26168415172,649.7346226017817,2126.0845276346467
NE,31057,2028,91.92156670696076,242.5689525613913,127831.77116488336,741.6561893087425,2368.653480196038
NE,31057,2029,133.7280442606357,287.5981163036081,127410.44500431913,875.3842335693781,2656.251596499646
NE,31057,2030,101.94739346569855,213.00583088964234,127095.49177996379,977.3316270350766,2869.2574273892883
NE,31057,2031,122.00700809575105,179.54568787266754,126793.93908399537,1099.3386351308277,3048.803115261956
NE,31057,2032,52.83224710632904,168.3235600811716,126572.78327680787,1152.1708822371568,3217.1266753431278
NE,31057,2033,136.4295225387332,231.17647718281893,126205.17727708632,1288.60040477589,3448.3031525259466
NE,31057,2034,92.59441430180054,238.83048320444033,125873.75237958008,1381.1948190776905,3687.1336357303867
NE,31057,2035,45.51837304828827,288.26213193078036,125539.971874601,1426.7131921259788,3975.395767661167
NE,31057,2036,186.86127546754122,188.5318605075171,125164.57873862595,1613.57446759352,4163.927628168684
NE,31057,2037,149.84399632589142,177.50030890297944,124837.23443339707,1763.4184639194114,4341.427937071664
NE,31057,2038,152.36320922299927,234.41367362611695,124450.45755054796,1915.7816731424107,4575.841610697781
NE,31057,2039,122.49801278917023,147.62195225772095,124180.33758550107,2038.2796859315808,4723.463562955501
NE,31057,2040,198.72686047113342,155.58715108621644,123826.02357394372,2237.0065464027143,4879.0507140417185
NE,31057,2041,176.810846332323,225.2167354932776,123423.99599211811,2413.817392735037,5104.267449534996
NE,31057,2042,213.97952215569734,86.10906516500275,123123.90740479741,2627.7969148907346,5190.376514699999
NE,31057,2043,244.36362099101564,196.67818660723634,122682.86559719917,2872.16053588175,5387.054701307235
NE,31057,2044,270.1788153408237,147.42892607536348,122265.25785578298,3142.339351222574,5534.483627382599
NE,31057,2045,196.6688891458725,161.33222635492677,121907.25674028217,3339.0082403684464,5695.815853737525
NE,31057,2046,517.0800126868045,228.9188364207654,121161.25789117461,3856.088253055251,5924.7346901582905
NE,31057,2047,465.6276835306772,342.7159312298123,120352.91427641411,4321.715936585928,6267.450621388103
NE,31057,2048,553.9087134757684,302.97706279017456,119496.02850014818,4875.624650061696,6570.427684178278
NE,31057,2049,303.60143289054355,315.1637994871619,118877.26326777047,5179.22608295224,6885.591483665439
NE,31057,2050,511.4351150429407,399.79114149312744,117966.03701123441,5690.661197995181,7285.382625158567
NE,31057,2051,251.65402191407168,298.1890544758875,117416.19393484444,5942.315219909253,7583.571679634454
NE,31057,2052,262.00385435052766,213.78607785249542,116940.40400264141,6204.31907425978,7797.35775748695
NE,31057,2053,229.73486400361696,276.615846551687,116434.05329208612,6434.053938263397,8073.973604038637
NE,31057,2054,244.86656113947816,250.78803212542056,115938.39869882121,6678.920499402875,8324.761636164058
NE,31057,2055,264.2064424442398,288.66959928292056,115385.52265709406,6943.126941847115,8613.431235446978
NE,31057,2056,262.50856533269166,175.24791826249665,114947.76617349887,7205.635507179807,8788.679153709474
NE,31057,2057,268.98120248276064,189.35444840305524,114489.43052261305,7474.616709662568,8978.03360211253
NE,31057,2058,270.5039610588156,261.8393146811231,113957.08724687311,7745.120670721383,9239.872916793653
NE,31057,2059,339.65217788963713,276.2495828573041,113341.18548612617,8084.77284861102,9516.122499650957
NE,31057,2060,376.60164104369466,175.39523499416472,112789.18861008831,8461.374489654714,9691.517734645122
NE,31057,2061,273.5317599951404,235.20311724985024,112280.45373284332,8734.906249649855,9926.720851894972
NE,31057,2062,462.6857555726886,233.2811538914847,111584.48682337915,9197.592005222545,10160.002005786457
NE,31057,2063,421.20212035462555,212.6057026924507,110950.67900033208,9618.79412557717,10372.607708478907
NE,31057,2064,418.0078547552112,95.0980803067032,110437.57306527016,10036.80198033238,10467.70578878561
NE,31057,2065,297.4546383416226,181.74875886569765,109958.36966806283,10334.256618674004,10649.454547651309
NE,31057,2066,350.0421117774487,162.18345971477126,109446.14409657061,10684.298730451452,10811.638007366078
NE,31057,2067,376.07326407289645,226.67803069609502,108843.39280180163,11060.371994524348,11038.316038062174
NE,31057,2068,443.83612846135196,218.33540290153994,108181.22127043873,11504.208122985701,11256.651440963715
NE,31057,2069,534.3220500182742,209.51071520912356,107437.38850521133,12038.530173003976,11466.162156172837
NE,31057,2070,489.86609994039554,126.82042797093385,106820.7019773,12528.39627294437,11592.982584143772
NE,31057,2071,479.93895056062047,93.89069466005586,106246.87233207934,13008.335223504992,11686.873278803827
NE,31057,2072,422.5880945491486,173.88035005733124,105650.40388747286,13430.92331805414,11860.753628861159
NE,31057,2073,461.10008394191226,165.19456913484765,105024.10923439609,13892.023401996052,12025.948197996006
NE,31057,2074,582.5666748019858,155.88230389187805,104285.66025570223,14474.590076798037,12181.830501887884
NE,31057,2075,491.6601699427622,160.53664767874068,103633.46343808073,14966.2502467408,12342.367149566626
NE,31057,2076,342.5679475350794,141.9338799227054,103148.96161062294,15308.818194275878,12484.30102948933
NE,31057,2077,390.6244614610471,207.8243348899646,102550.51281427193,15699.442655736926,12692.125364379295
NE,31057,2078,359.7564265922397,83.52416200379761,102107.23222567589,16059.199082329165,12775.649526383093
NE,31057,2079,387.4587861092163,97.79847115086487,101621.97496841582,16446.657868438382,12873.447997533958
NE,31057,2080,313.8604185552692,198.1293229362311,101109.98522692431,16760.51828699365,13071.577320470189
NE,31057,2081,344.4485858514011,37.44866227824686,100728.08797879466,17104.966872845052,13109.025982748435
NE,31057,2082,269.1863563565097,158.58677934368288,100300.31484309447,17374.15322920156,13267.612762092118
NE,31057,2083,346.3449542922672,117.68243327902894,99836.28745552318,17720.49818349383,13385.295195371147
NE,31057,2084,267.84236177830996,153.79793671821474,99414.64715702666,17988.340545272138,13539.093132089361
NE,31057,2085,289.6203690867624,173.3221712481653,98951.70461669171,18277.9609143589,13712.415303337528
NE,31057,2086,258.5020168831192,116.81822105069244,98576.38437875791,18536.462931242022,13829.233524388219
NE,31057,2087,351.3279358568616,80.11564430370942,98144.94079859734,18887.790867098884,13909.34916869193
NE,31057,2088,317.5579277246787,230.88961910561557,97596.49325176704,19205.34879482356,14140.238787797545
NE,31057,2089,253.52947728446168,158.72810328417177,97184.2356711984,19458.878272108024,14298.966891081716
NE,31057,2090,319.53416229933015,187.2461127585733,96677.45539614052,19778.412434407353,14486.21300384029
NE,31057,2091,180.43812578425295,190.62431610169833,96306.39295425455,19958.850560191604,14676.837319941988
NE,31057,2092,197.70907148987885,136.31330544054748,95972.37057732412,20156.559631681484,14813.150625382536
NE,31057,2093,210.0563141506891,253.06922012077823,95509.24504305267,20366.615945832174,15066.219845503314
NE,31057,2094,187.84255361421722,163.28743036960327,95158.11505906883,20554.45849944639,15229.507275872917
NE,31057,2095,360.9005502821402,248.4918449591211,94548.72266382759,20915.35904972853,15477.999120832039
NE,31057,2096,289.4289024078293,140.53713014636415,94118.7566312734,21204.78795213636,15618.536250978403
NE,31057,2097,228.54587467870607,142.54318839718843,93747.6675681975,21433.333826815066,15761.079439375591
NE,31057,2098,355.95825469756744,162.22958603585175,93229.47972746407,21789.292081512634,15923.309025411443
NE,31057,2099,380.3309972585962,252.67252002514132,92596.47621018034,22169.62307877123,16175.981545436583
NE,31057,2100,241.78119423395327,220.4280034798743,92134.2670124665,22411.404273005184,16396.409548916457
NM,35041,2018,850.5204088298826,184.2924305116339,112335.68057533498,850.5204088298826,184.2924305116339
NM,35041,2019,926.5696429475394,178.3597632439911,111230.75116914343,1777.090051777422,362.65219375562504
NM,35041,2020,962.0755319423682,231.57076050890595,110037.10487669216,2739.1655837197904,594.2229542645309
NM,35041,2021,834.5879846608192,159.73982249246828,109042.77706953888,3573.7535683806095,753.9627767569992
NM,35041,2022,909.7914080136272,184.54521126493103,107948.44045026031,4483.544976394237,938.5079880219303
NM,35041,2023,794.4023939382639,285.41162152630466,106868.62643479575,5277.9473703325,1223.9196095482348
NM,35041,2024,862.3112305546838,215.14433324479714,105791.17087099627,6140.258600887184,1439.063942793032
NM,35041,2025,670.2018847546487,367.98024734771764,104752.98873889391,6810.460485641833,1807.0441901407496
NM,35041,2026,776.3215377201859,183.01706254587026,103793.65013862785,7586.782023362019,1990.06125268662
NM,35041,2027,764.415620516087,287.87852449388157,102741.35599361788,8351.197643878106,2277.9397771805016
NM,35041,2028,751.0655000571613,196.87328457136476,101793.41720898935,9102.263143935268,2474.8130617518664
NM,35041,2029,539.6660429536954,151.06437127369844,101102.68679476196,9641.929186888963,2625.8774330255646
NM,35041,2030,470.6601647333008,157.98960929904115,100474.03702072962,10112.589351622264,2783.867042324606
NM,35041,2031,353.47527216845003,219.58819175421297,99900.97355680696,10466.064623790713,3003.4552340788186
NM,35041,2032,398.4707681108124,150.5215190073694,99351.98126968877,10864.535391901525,3153.976753086188
NM,35041,2033,415.304299903141,242.9714512087207,98693.70551857691,11279.839691804667,3396.948204294909
NM,35041,2034,441.79851097766726,152.7814720804016,98099.12553551885,11721.638202782335,3549.7296763753106
NM,35041,2035,303.37368180448334,88.03915298647888,97707.71270072788,12025.011884586818,3637.7688293617894
NM,35041,2036,339.2136159768024,219.8818479940213,97148.61723675705,12364.22550056362,3857.650677355811
NM,35041,2037,346.85700007296174,138.92507354847137,96662.83516313562,12711.082500636581,3996.5757509042824
NM,35041,2038,341.8484813856821,233.06808523273287,96087.91859651721,13052.930982022264,4229.643836137015
NM,35041,2039,402.11597961243194,72.22858010939453,95613.57403679538,13455.046961634696,4301.87241624641
NM,35041,2040,330.99641499294194,201.55798832077608,95081.01963348166,13786.043376627638,4503.430404567185
NM,35041,2041,269.864676126565,147.8753450574051,94663.27961229769,14055.908052754203,4651.305749624591
NM,35041,2042,259.53352029744843,171.417206723555,94232.32888527669,14315.44157305165,4822.722956348146
NM,35041,2043,277.96247922914097,146.93214518191255,93807.43426086564,14593.404052280792,4969.655101530058
NM,35041,2044,203.0715608872793,205.4902348276236,93398.87246515074,14796.475613168072,5175.145336357682
NM,35041,2045,291.02622870323944,160.20158275255096,92947.64465369494,15087.501841871312,5335.346919110233
NM,35041,2046,210.38355005060455,154.8369094784198,92582.42419416591,15297.885391921915,5490.183828588652
NM,35041,2047,265.44987417079193,212.91349022158906,92104.06082977355,15563.335266092707,5703.097318810242
NM,35041,2048,183.7271432559784,150.63188787345064,91769.7017986441,15747.062409348686,5853.729206683693
NM,35041,2049,238.69307426317548,156.13422994300538,91374.87449443793,15985.755483611862,6009.863436626698
NM,35041,2050,316.83303801089147,164.66776229307405,90893.37369413396,16302.588521622753,6174.531198919772
NM,35041,2051,237.64786424580248,151.816716365824,90503.90911352233,16540.236385868557,6326.347915285596
NM,35041,2052,274.28385487878535,204.16409646635347,90025.4611621772,16814.52024074734,6530.512011751949
NM,35041,2053,270.07230845562134,118.03367977936982,89637.35517394221,17084.59254920296,6648.545691531319
NM,35041,2054,232.7950159433191,135.91939958906616,89268.64075840982,17317.38756514628,6784.465091120385
NM,35041,2055,229.26227395667635,195.4159821702527,88843.9625022829,17546.649839102956,6979.881073290638
NM,35041,2056,195.40400982441165,120.07302073898622,88528.4854717195,17742.053848927368,7099.954094029624
NM,35041,2057,230.2797945822629,98.82221415001924,88199.38346298721,17972.33364350963,7198.776308179643
NM,35041,2058,159.6038378539618,101.80139495136261,87937.97823018189,18131.937481363595,7300.577703131006
NM,35041,2059,171.0963101739151,156.09480698263795,87610.78711302533,18303.03379153751,7456.6725101136435
NM,35041,2060,217.87449520196992,260.11106630787754,87132.80155151548,18520.90828673948,7716.7835764215215
NM,35041,2061,177.22195367202576,140.32708051988465,86815.25251732358,18698.130240411505,7857.110656941406
NM,35041,2062,236.81951582306976,123.61247332160615,86454.8205281789,18934.949756234575,7980.7231302630125
NM,35041,2063,265.7078500865155,174.8678470031192,86014.24483108927,19200.65760632109,8155.590977266132
NM,35041,2064,119.129676120654,157.4276286221351,85737.68752634648,19319.787282441743,8313.018605888266
NM,35041,2065,237.43403001744386,110.28202018137421,85389.97147614765,19557.221312459187,8423.30062606964
NM,35041,2066,294.70369108738953,127.19888779924317,84968.06889726102,19851.925003546577,8550.499513868885
NM,35041,2067,117.8496307750644,127.97362415770966,84722.24564232826,19969.774634321642,8678.473138026593
NM,35041,2068,80.56746739548402,116.61610118112,84525.06207375164,20050.342101717124,8795.089239207713
NM,35041,2069,254.40282558069245,93.27461060085999,84177.3846375701,20304.74492729782,8888.363849808573
NM,35041,2070,97.10232829923676,102.63068124678834,83977.65162802406,20401.847255597055,8990.994531055361
NM,35041,2071,101.65523005138459,125.41319681914857,83750.58320115354,20503.502485648438,9116.40772787451
NM,35041,2072,166.15020384233094,174.75932949403017,83409.67366781717,20669.65268949077,9291.16705736854
NM,35041,2073,149.0464798696628,149.11383242164337,83111.51335552587,20818.699169360432,9440.280889790183
NM,35041,2074,116.454587175495,41.1508536931427,82953.90791465723,20935.15375653593,9481.4317434833265
NM,35041,2075,119.68263430882172,95.66528099724275,82738.55999935117,21054.83639084475,9577.09702448057
NM,35041,2076,88.90861337571411,92.71042616287446,82556.94095981258,21143.745004220465,9669.807450643444
NM,35041,2077,95.9657949588385,85.03400061107118,82375.94116424267,21239.710799179302,9754.841451254515
NM,35041,2078,129.48939340563996,189.59069768032165,82056.8610731567,21369.200192584944,9944.432148934837
NM,35041,2079,115.51735353439697,96.27304417563234,81845.07067544668,21484.71754611934,10040.705193110469
NM,35041,2080,100.4076964029474,97.53293512523408,81647.1300439185,21585.12524252229,10138.238128235704
NM,35041,2081,63.723299640169074,75.67480539300202,81507.73193888532,21648.848542162457,10213.912933628706
NM,35041,2082,91.00971969605988,46.313912362875065,81370.40830682639,21739.858261858517,10260.22684599158
NM,35041,2083,67.36877382658997,110.99453265334168,81192.04500034646,21807.227035685104,10371.221378644921
NM,35041,2084,61.70401854198609,44.294968213715826,81086.04601359076,21868.93105422709,10415.516346858638
NM,35041,2085,60.79423393179474,99.05610054072847,80926.19567911823,21929.725288158887,10514.572447399367
NM,35041,2086,129.97474736695312,30.86712092417908,80765.3538108271,22059.70003552584,10545.439568323545
NM,35041,2087,55.07484232000702,73.3186819165509,80636.96028659055,22114.774877845848,10618.758250240096
NM,35041,2088,11.95535035914154,40.38951281166321,80584.61542341975,22126.73022820499,10659.14776305176
NM,35041,2089,109.43118765415619,89.58897651287842,80385.5952592527,22236.161415859144,10748.736739564638
NM,35041,2090,128.79646664428864,65.92952441846558,80190.86926818994,22364.957882503433,10814.666263983103
NM,35041,2091,87.54658227417146,16.157074852834167,80087.16561106296,22452.504464777605,10830.823338835937
NM,35041,2092,76.60245065425812,107.34505807768097,79903.21810233101,22529.10691543186,10938.16839691362
NM,35041,2093,70.36740726924927,46.25851006147034,79786.59218500028,22599.474322701113,10984.426906975088
NM,35041,2094,98.08766033133392,101.76234139668152,79586.74218327226,22697.561983032447,11086.189248371771
NM,35041,2095,149.46774032307098,65.82656714892883,79371.44787580028,22847.029723355517,11152.0158155207
NM,35041,2096,81.75898355905426,95.03156217147827,79194.65733006975,22928.788706914573,11247.047377692177
NM,35041,2097,33.4029948879776,36.223811804901125,79125.03052337686,22962.19170180255,11283.271189497078
NM,35041,2098,79.19507702311645,52.68917715726258,78993.14626919647,23041.386778825665,11335.96036665434
NM,35041,2099,62.97426972766663,90.36686543584901,78839.80513403297,23104.36104855333,11426.32723209019
NM,35041,2100,100.97240222886323,22.59858641036011,78716.23414539374,23205.333450782196,11448.925818500551
OK,40139,2018,220.58257670662965,0.8873027306399537,242397.76909897447,220.58257670662965,0.8873027306399537
OK,40139,2019,97.59768384447419,3.1950326142996217,242296.97638251568,318.18026055110386,4.082335344939575
OK,40139,2020,172.48014824646148,10.472038995458375,242114.02419527379,490.6604087975653,14.55437434039795
OK,40139,2021,113.03113123611786,4.081609383509521,241996.91145465415,603.6915400336832,18.635983723907472
OK,40139,2022,223.22383452795685,16.3216361650412,241757.36598396115,826.9153745616401,34.95761988894867
OK,40139,2023,449.54464941381167,42.576136857579655,241265.24519768977,1276.4600239754518,77.53375674652833
OK,40139,2024,615.8243664554093,114.05602882976503,240535.3648024046,1892.284390430861,191.58978557629334
OK,40139,2025,516.0291096447138,160.8331152329715,239858.5025775269,2408.3135000755747,352.42290080926483
OK,40139,2026,612.5385418324564,303.0682689681641,238942.8957667263,3020.8520419080314,655.4911697774289
OK,40139,2027,414.5332902201999,121.65220440853425,238406.71027209755,3435.3853321282313,777.1433741859631
OK,40139,2028,710.0981558215547,143.24164653096742,237553.37046974502,4145.483487949786,920.3850207169306
OK,40139,2029,804.4941369059235,238.84828259204622,236510.02805024706,4949.977624855709,1159.2333033089767
OK,40139,2030,884.9365650389142,180.27414240492857,235444.8173428032,5834.914189894624,1339.5074457139053
OK,40139,2031,1234.3897258936508,278.8657695507227,233931.56184735883,7069.303915788274,1618.373215264628
OK,40139,2032,1041.080885504942,365.8118900080365,232524.66907184586,8110.384801293217,1984.1851052726645
OK,40139,2033,885.9189475868799,287.7410376488193,231351.00908661017,8996.303748880096,2271.926142921484
OK,40139,2034,1253.278787080857,225.99465453518647,229871.73564499413,10249.582535960953,2497.9207974566702
OK,40139,2035,987.4901179287192,320.0078018487445,228564.23772521666,11237.072653889672,2817.928599305415
OK,40139,2036,882.0044139265927,282.65078453694366,227399.5825267531,12119.077067816264,3100.5793838423588
OK,40139,2037,1035.9201679831488,300.11211182529115,226063.55024694468,13154.997235799414,3400.6914956676496
OK,40139,2038,802.0972139416242,290.3909234072696,224971.06210959578,13957.094449741038,3691.0824190749195
OK,40139,2039,811.065584559379,239.71965548107576,223920.27686955532,14768.160034300417,3930.802074555995
OK,40139,2040,881.9360095112883,293.4915970226801,222744.84926302137,15650.096043811705,4224.2936715786755
OK,40139,2041,962.6277412989759,354.08841592850865,221428.13310579388,16612.72378511068,4578.382087507184
OK,40139,2042,1225.1344734695342,348.80779705502624,219854.1908352693,17837.858258580214,4927.18988456221
OK,40139,2043,1018.8741431401205,249.9283292767743,218585.38836285242,18856.732401720335,5177.118213838984
OK,40139,2044,1207.6046528760521,237.63321525874574,217140.1504947176,20064.337054596388,5414.75142909773
OK,40139,2045,1660.6481414411705,247.5042208109668,215231.9981324655,21724.98519603756,5662.255649908697
OK,40139,2046,1606.7308538615018,302.146956104339,213323.12032249966,23331.71604989906,5964.402606013035
OK,40139,2047,1835.5969770123424,180.54272773661282,211306.9806177507,25167.313026911404,6144.945333749649
OK,40139,2048,1749.5674365730067,194.15443225082797,209363.25874892686,26916.88046348441,6339.099766000477
OK,40139,2049,1638.2233379819718,146.0246312410431,207579.01077970385,28555.103801466383,6485.1243972415195
OK,40139,2050,1664.8313949579526,175.0961523259067,205739.08323241997,30219.935196424332,6660.220549567426
OK,40139,2051,1963.1264512413009,136.2808022674388,203639.67597891123,32183.061647665636,6796.501351834865
OK,40139,2052,1706.1523908857262,239.99817923932864,201693.5254087862,33889.21403855136,7036.499531074194
OK,40139,2053,1895.654195009255,259.57390258445986,199538.29731119247,35784.86823356061,7296.073433658654
OK,40139,2054,1759.934866973715,138.94208944113763,197639.42035477763,37544.80310053433,7435.015523099792
OK,40139,2055,1902.393470444824,194.20379244136964,195542.82309189142,39447.196570979155,7629.219315541161
OK,40139,2056,1857.361063858473,176.85056708860262,193508.61146094435,41304.55763483763,7806.069882629764
OK,40139,2057,2304.62709532377,128.88290407584688,191075.10146154475,43609.184730161396,7934.95278670561
OK,40139,2058,2199.340581450075,220.53548887614198,188655.2253912185,45808.525311611476,8155.4882755817525
OK,40139,2059,2174.738503787732,156.73760869683932,186323.74927873394,47983.26381539921,8312.225884278592
OK,40139,2060,2203.5920143732556,254.6934679207532,183865.46379643993,50186.85582977246,8566.919352199346
OK,40139,2061,2457.922645104253,281.87859017463927,181125.66256116104,52644.778474876715,8848.797942373983
OK,40139,2062,2399.768558141323,208.86116979375245,178517.03283322597,55044.54703301804,9057.659112167737
OK,40139,2063,2595.508282225088,190.12898353642387,175731.39556746447,57640.055315243124,9247.78809570416
OK,40139,2064,1917.0847090546451,173.8207159686508,173640.49014244118,59557.14002429777,9421.608811672811
OK,40139,2065,1963.7106547967137,250.8776031818054,171425.90188446263,61520.85067909448,9672.486414854617
OK,40139,2066,1832.0853933060368,245.8691891792691,169347.9473019773,63352.936072400524,9918.355604033886
OK,40139,2067,2002.8022373672886,330.1022605747709,167015.04280403527,65355.73830976781,10248.457864608657
OK,40139,2068,1924.7397485187369,267.78259230626315,164822.52046321027,67280.47805828655,10516.24045691492
OK,40139,2069,1915.5296123478709,223.6894964197391,162683.30135444266,69196.00767063441,10739.929953334658
OK,40139,2070,1784.4326270470267,266.02222720569796,160632.84650018995,70980.44029768145,11005.952180540356
OK,40139,2071,1998.804998462616,355.9536625624369,158278.0878391649,72979.24529614406,11361.905843102793
OK,40139,2072,2005.9086931771233,299.5076037696332,155972.67154221813,74985.15398932119,11661.413446872428
OK,40139,2073,2282.5488168519264,244.124940500878,153445.99778486532,77267.70280617311,11905.538387373304
OK,40139,2074,2340.344500948493,199.85556576825502,150905.79771814856,79608.0473071216,12105.39395314156
OK,40139,2075,1912.585354312199,160.53610473583893,148832.67625910055,81520.6326614338,12265.930057877398
OK,40139,2076,2222.859759724307,272.2818366344269,146337.53466274182,83743.49242115811,12538.211894511825
OK,40139,2077,2317.7246069965386,195.41172423920503,143824.39833150606,86061.21702815464,12733.623618751031
OK,40139,2078,1944.525970140718,171.94195756687856,141707.93040379847,88005.74299829536,12905.56557631791
OK,40139,2079,2111.3072899674103,118.98595050778962,139477.63716332326,90117.05028826278,13024.551526825699
OK,40139,2080,2017.1373108234486,130.96669969854096,137329.53315280128,92134.18759908622,13155.51822652424
OK,40139,2081,1839.4490019811046,105.14490441464875,135384.93924640553,93973.63660106732,13260.663130938889
OK,40139,2082,1718.6779428970856,146.5066066326993,133519.75469687575,95692.31454396441,13407.169737571588
OK,40139,2083,1894.0127683703986,113.18358194494385,131512.5583465604,97586.32731233482,13520.353319516533
OK,40139,2084,1844.9920513416773,124.6759058118628,129542.89038940685,99431.31936367649,13645.029225328395
OK,40139,2085,1642.6619821184565,135.36491644788595,127764.86349084051,101073.98134579495,13780.394141776282
OK,40139,2086,1356.592473930418,86.68856303238954,126321.58245387771,102430.57381972537,13867.08270480867
OK,40139,2087,1531.1925031908634,110.83843937791535,124679.55151130892,103961.76632291623,13977.921144186586
OK,40139,2088,1365.7933153732097,136.28636954766662,123177.47182638805,105327.55963828944,14114.207513734253
OK,40139,2089,1266.3807815398018,58.15497124504547,121852.93607360321,106593.94041982923,14172.362484979298
OK,40139,2090,1565.6778424820363,98.23352592719056,120189.02470519398,108159.61826231127,14270.596010906489
OK,40139,2091,1198.1321427654138,169.067844344018,118821.82471808455,109357.75040507669,14439.663855250506
OK,40139,2092,1113.5196143815008,169.5864208003189,117538.71868290272,110471.27001945818,14609.250276050825
OK,40139,2093,1015.956708689505,97.9418526205475,116424.82012159267,111487.2267281477,14707.192128671373
OK,40139,2094,1146.3119386497385,78.33423024301666,115200.17395269992,112633.53866679744,14785.526358914389
OK,40139,2095,1080.4672995194678,131.57531055084533,113988.13134262961,113714.00596631691,14917.101669465235
OK,40139,2096,925.627338057598,46.19874772136052,113016.30525685064,114639.6333043745,14963.300417186596
OK,40139,2097,1180.677512941332,107.0371820189676,111728.59056189035,115820.31081731583,15070.337599205563
OK,40139,2098,1087.0956261842814,102.99562307119294,110538.49931263487,116907.40644350012,15173.333222276755
OK,40139,2099,1126.1271763169493,83.02098422188904,109329.35115209603,118033.53361981706,15256.354206498645
OK,40139,2100,1084.7464787013746,73.95724082704315,108170.64743256761,119118.28009851844,15330.311447325688
TX,48111,2018,2591.333611706709,2108.582124750174,287751.02163615497,2591.333611706709,2108.582124750174
TX,48111,2019,2907.4741239572627,1944.088355393452,282899.45915680425,5498.8077356639715,4052.6704801436263
TX,48111,2020,2670.923932252645,1434.5336385125481,278794.001586039,8169.731667916616,5487.204118656175
TX,48111,2021,2432.2538444487577,1707.6879531083587,274654.0597884819,10601.985512365374,7194.892071764532
TX,48111,2022,2772.681387935059,1450.0922092306007,270431.28619131626,13374.666900300434,8644.984280995133
TX,48111,2023,2628.800322400912,1698.6211361642677,266103.8647327511,16003.467222701345,10343.6054171594
TX,48111,2024,2829.6299422196334,1525.7118109331848,261748.52297959826,18833.09716492098,11869.317228092586
TX,48111,2025,2970.921742969836,1612.4163635332754,257165.18487309516,21804.018907890815,13481.733591625862
TX,48111,2026,3500.0047601738675,1653.6174975815613,252011.56261533973,25304.02366806468,15135.351089207423
TX,48111,2027,3669.170191636114,1441.9046239652873,246900.48779973833,28973.193859700797,16577.25571317271
TX,48111,2028,3980.7034563239204,1307.1972784817847,241612.58706493262,32953.89731602472,17884.452991654496
TX,48111,2029,4396.523544526281,1243.8514350800608,235972.2120853263,37350.420860551,19128.304426734554
TX,48111,2030,4518.496164978162,1347.4381070674667,230106.27781328064,41868.91702552916,20475.742533802022
TX,48111,2031,3869.4760134294347,1225.9963074362736,225010.80549241495,45738.393038958595,21701.738841238297
TX,48111,2032,3611.511268483686,1134.3245047244216,220264.96971920686,49349.90430744228,22836.063345962717
TX,48111,2033,3790.4116635762634,1548.7389525087017,214925.81910312187,53140.31597101854,24384.80229847142
TX,48111,2034,3165.4917586553584,1280.1737755477523,210480.15356891876,56305.8077296739,25664.97607401917
TX,48111,2035,3290.5103346448486,1481.7202898115945,205707.92294446233,59596.31806431875,27146.696363830764
TX,48111,2036,3351.057051789331,1149.976107068491,201206.8897856045,62947.37511610808,28296.672470899255
TX,48111,2037,3532.8512575587256,1053.9437351216193,196620.09479292415,66480.22637366681,29350.616206020877
TX,48111,2038,3070.6485525999847,859.1407210579263,192690.30551926623,69550.87492626678,30209.7569270788
TX,48111,2039,2916.311431559642,1037.6084800468518,188736.38560765976,72467.18635782643,31247.365407125653
TX,48111,2040,3193.452406295531,962.1515319071847,184580.78166945704,75660.63876412196,32209.516939032837
TX,48111,2041,3069.7001539669677,1001.3173954834059,180509.76412000664,78730.33891808894,33210.83433451624
TX,48111,2042,3361.7404059838777,1147.995442879077,176000.0282711437,82092.07932407281,34358.82977739532
TX,48111,2043,3220.472414674299,950.2580908271244,171829.2977656423,85312.5517387471,35309.08786822244
TX,48111,2044,3415.85145830715,1049.1798907476857,167364.26641658746,88728.40319705426,36358.267758970134
TX,48111,2045,2951.24671993543,685.1215250772639,163727.89817157475,91679.64991698969,37043.38928404739
TX,48111,2046,2369.334476265921,525.2457224712126,160833.31797283763,94048.98439325561,37568.635006518605
TX,48111,2047,1929.8205282665106,669.1910918432142,158234.3063527279,95978.80492152213,38237.826098361824
TX,48111,2048,1998.9729795917547,513.9685308279743,155721.36484230816,97977.77790111388,38751.7946291898
TX,48111,2049,1811.8869215092786,589.6753832891391,153319.80253750973,99789.66482262315,39341.47001247894
TX,48111,2050,1707.189327884337,427.26651051129636,151185.3466991141,101496.8541505075,39768.736522990235
TX,48111,2051,1836.7251275412555,572.684289856441,148775.9372817164,103333.57927804874,40341.42081284667
TX,48111,2052,2002.520727526226,582.5283858945972,146190.88816829558,105336.10000557498,40923.94919874127
TX,48111,2053,1956.3005515668465,452.4780590844453,143782.1095576443,107292.40055714182,41376.427257825715
TX,48111,2054,1821.4008940088381,524.5041538916773,141436.20450974378,109113.80145115066,41900.93141171739
TX,48111,2055,1634.5042556597675,575.5172366605314,139226.1830174235,110748.30570681042,42476.448648377926
TX,48111,2056,1915.038294004244,557.3768709804136,136753.76785243882,112663.34400081467,43033.82551935834
TX,48111,2057,1705.704100396544,433.9513353243008,134614.11241671798,114369.04810121121,43467.77685468264
TX,48111,2058,1350.679993065033,359.80826979359034,132903.62415385936,115719.72809427624,43827.58512447623
TX,48111,2059,1521.9834359785477,443.10385817624433,130938.53685970456,117241.71153025479,44270.68898265247
TX,48111,2060,882.6276865483524,376.7640428880882,129679.14513026812,118124.33921680314,44647.45302554056
TX,48111,2061,1096.1654374949771,408.73100100424165,128174.24869176891,119220.50465429813,45056.184026544805
TX,48111,2062,668.14863080621285,334.7552615726157,127171.34479939009,119888.65328510433,45390.93928811742
TX,48111,2063,743.7578413355616,243.73505865352598,126183.851899401,120632.4111264399,45634.674346770946
TX,48111,2064,718.5035376092304,390.60428527143586,125074.74407652032,121350.91466404912,46025.278632042384
TX,48111,2065,504.61255256873295,270.2344208130936,124299.8971031385,121855.52721661786,46295.51305285547
TX,48111,2066,599.6388416938602,315.91753959741334,123384.34072184723,122455.16605831172,46611.43059245289
TX,48111,2067,802.5910450945481,260.90048385863605,122320.84919289403,123257.75710340627,46872.33107631152
TX,48111,2068,534.4157363256833,263.49826438224414,121522.93519218612,123792.17283973195,47135.82934069377
TX,48111,2069,679.035648292165,245.32723131874744,120598.57231257521,124471.20848802412,47381.156572012515
TX,48111,2070,669.6410094031211,349.95545016785917,119578.97585300423,125140.84949742723,47731.11202218037
TX,48111,2071,664.5012616001426,372.28125880843805,118542.19333259563,125805.35075902738,48103.393280988814
TX,48111,2072,514.2513028886896,379.4742578600989,117648.46777184686,126319.60206191607,48482.867538848914
TX,48111,2073,714.014066900408,430.4988497694354,116503.954855177,127033.61612881647,48913.36638861835
TX,48111,2074,592.9392627628031,213.79444995350661,115697.22114246071,127626.55539157928,49127.16083857186
TX,48111,2075,690.0831658253239,266.8014637992568,114740.33651283613,128316.6385574046,49393.96230237111
TX,48111,2076,544.839522124531,235.32088619661835,113960.17610451498,128861.47807952913,49629.28318856773
TX,48111,2077,561.8286145371454,250.02239452175203,113148.32509545606,129423.30669406628,49879.30558308948
TX,48111,2078,452.9275686406345,316.5305094307837,112378.86701738465,129876.23426270692,50195.836092520265
TX,48111,2079,361.654792173602,206.95624636133766,111810.25597884972,130237.88905488052,50402.792338881605
TX,48111,2080,535.5837964436988,218.49856473132172,111056.1736176747,130773.47285132422,50621.29090361293
TX,48111,2081,352.14714501133915,262.9313100449658,110441.09516261838,131125.61999633556,50884.22221365789
TX,48111,2082,486.8432916382437,186.8001905959111,109767.45168038423,131612.4632879738,51071.0224042538
TX,48111,2083,423.2772642232661,180.19046595932406,109163.98395020165,132035.74055219706,51251.21287021312
TX,48111,2084,470.46819520232884,189.18820110781502,108504.32755389149,132506.2087473994,51440.40107132094
TX,48111,2085,412.19026279447905,193.60520522147064,107898.53208587554,132918.39901019388,51634.00627654241
TX,48111,2086,381.6153481230791,139.7301854320766,107377.1865523204,133300.01435831696,51773.736461974484
TX,48111,2087,369.8616721538093,153.02882548435423,106854.29605468223,133669.87603047077,51926.76528745884
TX,48111,2088,353.51111527355687,105.32844390234573,106395.45649550634,134023.38714574432,52032.09373136119
TX,48111,2089,327.3334538595389,169.81601158491395,105898.30703006187,134350.72059960387,52201.9097429461
TX,48111,2090,308.49220003927917,125.23741532373272,105464.57741469887,134659.21279964314,52327.147158269836
TX,48111,2091,326.1870319151697,160.11085728608887,104978.27952549761,134985.39983155832,52487.258015555926
TX,48111,2092,462.1341963994013,251.61995190498018,104264.52537719323,135447.5340279577,52738.8779674609
TX,48111,2093,316.52566402207736,206.82489458339583,103741.17481858775,135764.05969197978,52945.7028620443
TX,48111,2094,436.6926596944727,103.32899460088005,103201.1531642924,136200.75235167425,53049.03185664518
TX,48111,2095,392.0891121591623,144.59544688914818,102664.4686052441,136592.8414638334,53193.627303534326
TX,48111,2096,374.56730359942264,108.24883247598936,102181.65246916868,136967.40876743285,53301.876136010316
TX,48111,2097,397.7050180399817,94.51696692898591,101689.43048419972,137365.11378547281,53396.3931029393
TX,48111,2098,416.0996944709845,71.71311196064697,101201.61767776808,137781.2134799438,53468.10621489995
TX,48111,2099,380.9508726239865,97.92738402253022,100722.73942112157,138162.1643525678,53566.03359892248
TX,48111,2100,318.7737203859613,105.32766489548187,100298.63803584012,138480.93807295375,53671.36126381796
