state,Year,revenue,valueAdded,scenario
TX,2018,1256811.994,728950.9565,1
TX,2019,2554176.086,1481422.13,1
TX,2020,3652023.07,2118173.381,1
TX,2021,4759091.536,2760273.091,1
TX,2022,5888310.187,3415219.908,1
TX,2023,7045512.889,4086397.476,1
TX,2024,8210181.803,4761905.446,1
TX,2025,9435819.586,5472775.36,1
TX,2026,10813957.97,6272095.621,1
TX,2027,12180718.67,7064816.828,1
TX,2028,13594764.67,7884963.51,1
TX,2029,15103066.38,8759778.5,1
TX,2030,16671685.26,9669577.449,1
TX,2031,18034273.67,10459878.73,1
TX,2032,19303365.22,11195951.83,1
TX,2033,20731116.03,12024047.3,1
TX,2034,21919938.57,12713564.37,1
TX,2035,23196088.41,13453731.28,1
TX,2036,24399716.89,14151835.8,1
TX,2037,25626279.09,14863241.87,1
TX,2038,26677150.33,15472747.19,1
TX,2039,27734474.39,16085995.14,1
TX,2040,28845731.09,16730524.03,1
TX,2041,29934368.41,17361933.68,1
TX,2042,31140324.1,18061387.98,1
TX,2043,32255625.82,18708262.98,1
TX,2044,33449627.01,19400783.66,1
TX,2045,34422034.06,19964779.76,1
TX,2046,35196078.39,20413725.47,1
TX,2047,35891084.25,20816828.86,1
TX,2048,36563073.96,21206582.9,1
TX,2049,37205279.58,21579062.16,1
TX,2050,37776057.84,21910113.55,1
TX,2051,38420361.87,22283809.88,1
TX,2052,39111633.99,22684747.72,1
TX,2053,39755769.34,23058346.22,1
TX,2054,40383091.56,23422193.11,1
TX,2055,40974076.95,23764964.63,1
TX,2056,41635229.45,24148433.08,1
TX,2057,42207398.14,24480290.92,1
TX,2058,42664802.54,24745585.47,1
TX,2059,43190289.68,25050368.02,1
TX,2060,43527065.64,25245698.07,1
TX,2061,43929492.41,25479105.6,1
TX,2062,44197680.54,25634654.72,1
TX,2063,44461747.6,25787813.61,1
TX,2064,44758335.9,25959834.82,1
TX,2065,44965538.97,26080012.6,1
TX,2066,45210369.37,26222014.23,1
TX,2067,45494759.34,26386960.42,1
TX,2068,45708130.8,26510715.87,1
TX,2069,45955316.16,26654083.37,1
TX,2070,46227968.08,26812221.49,1
TX,2071,46505215.76,26973025.14,1
TX,2072,46744208.34,27111640.84,1
TX,2073,47050264.37,27289153.34,1
TX,2074,47265994.33,27414276.71,1
TX,2075,47521876.38,27562688.3,1
TX,2076,47730500.32,27683690.19,1
TX,2077,47947598.7,27809607.25,1
TX,2078,48153360.72,27928949.22,1
TX,2079,48305413.91,28017140.07,1
TX,2080,48507064.28,28134097.28,1
TX,2081,48671543.39,28229495.17,1
TX,2082,48851683.48,28333976.42,1
TX,2083,49013057.75,28427573.49,1
TX,2084,49189457.52,28529885.36,1
TX,2085,49351454.26,28623843.47,1
TX,2086,49490868.1,28704703.5,1
TX,2087,49630695.09,28785803.15,1
TX,2088,49753394.11,28856968.58,1
TX,2089,49886337.64,28934075.83,1
TX,2090,50002321.97,29001346.75,1
TX,2091,50132363.67,29076770.93,1
TX,2092,50323229.81,29187473.29,1
TX,2093,50463179.82,29268644.3,1
TX,2094,50607587.88,29352400.97,1
TX,2095,50751103.56,29435640.06,1
TX,2096,50880214.19,29510524.23,1
TX,2097,51011840.06,29586867.24,1
TX,2098,51142286.86,29662526.38,1
TX,2099,51270344.47,29736799.79,1
TX,2100,51383754.1,29802577.38,1
KS,2018,52631.54727,29999.98194,1
KS,2019,116382.0913,66337.79206,1
KS,2020,173372.7678,98822.47765,1
KS,2021,235304.0915,134123.3322,1
KS,2022,289911.5267,165249.5702,1
KS,2023,363517.0611,207204.7248,1
KS,2024,430191.3916,245209.0932,1
KS,2025,504561.1625,287599.8626,1
KS,2026,559448.9837,318885.9207,1
KS,2027,619975.0287,353385.7664,1
KS,2028,675843.7603,385230.9434,1
KS,2029,759115.5171,432695.8448,1
KS,2030,825956.6267,470795.2772,1
KS,2031,912111.1304,519903.3443,1
KS,2032,977618.2736,557242.416,1
KS,2033,1022153.292,582627.3767,1
KS,2034,1096615.255,625070.6951,1
KS,2035,1161114.212,661835.1007,1
KS,2036,1245415.275,709886.7068,1
KS,2037,1331621.982,759024.5299,1
KS,2038,1396811.176,796182.3703,1
KS,2039,1522087.87,867590.0862,1
KS,2040,1606831.081,915893.7162,1
KS,2041,1694609.923,965927.6562,1
KS,2042,1825054.573,1040281.107,1
KS,2043,1949804.271,1111388.435,1
KS,2044,2040571.622,1163125.825,1
KS,2045,2161335.569,1231961.274,1
KS,2046,2348921.566,1338885.293,1
KS,2047,2524175.15,1438779.836,1
KS,2048,2802935.619,1597673.303,1
KS,2049,3054235.469,1740914.217,1
KS,2050,3350127.056,1909572.422,1
KS,2051,3738665.429,2131039.295,1
KS,2052,4185161.191,2385541.879,1
KS,2053,4619156.242,2632919.058,1
KS,2054,5267932.952,3002721.783,1
KS,2055,5993702.561,3416410.46,1
KS,2056,6723648.651,3832479.731,1
KS,2057,7400977.173,4218556.989,1
KS,2058,8141135.091,4640447.002,1
KS,2059,8884166.143,5063974.702,1
KS,2060,9673897.47,5514121.558,1
KS,2061,10565958.88,6022596.564,1
KS,2062,11540120.68,6577868.786,1
KS,2063,12553628.81,7155568.424,1
KS,2064,13420083.02,7649447.321,1
KS,2065,14188496.63,8087443.079,1
KS,2066,14911872.31,8499767.215,1
KS,2067,15623960.71,8905657.603,1
KS,2068,16421956.23,9360515.052,1
KS,2069,17073673.31,9731993.787,1
KS,2070,17788978.8,10139717.91,1
KS,2071,18468307.61,10526935.34,1
KS,2072,19135577.23,10907279.02,1
KS,2073,19835275.45,11306107.01,1
KS,2074,20623473.39,11755379.83,1
KS,2075,21358239.11,12174196.29,1
KS,2076,22072084.91,12581088.4,1
KS,2077,22690163.8,12933393.37,1
KS,2078,23336928.53,13302049.26,1
KS,2079,24001335.53,13680761.25,1
KS,2080,24607038.03,14026011.68,1
KS,2081,25314428.37,14429224.17,1
KS,2082,25915810.47,14772011.97,1
KS,2083,26577975.7,15149446.15,1
KS,2084,27182534.06,15494044.42,1
KS,2085,27806057.15,15849452.57,1
KS,2086,28481403.97,16234400.26,1
KS,2087,29090245.17,16581439.75,1
KS,2088,29701311.96,16929747.82,1
KS,2089,30405043.86,17330875,1
KS,2090,31015353.55,17678751.52,1
KS,2091,31539177.73,17977331.31,1
KS,2092,32031349.89,18257869.44,1
KS,2093,32627630.19,18597749.21,1
KS,2094,33122148.3,18879624.53,1
KS,2095,33694747.8,19206006.25,1
KS,2096,34191517.69,19489165.08,1
KS,2097,34682790.16,19769190.39,1
KS,2098,35136949.63,20028061.29,1
KS,2099,35592834.64,20287915.74,1
KS,2100,36025258.21,20534397.18,1
OK,2018,55939.35362,31326.03802,1
OK,2019,81397.80161,45582.7689,1
OK,2020,127608.2711,71460.63179,1
OK,2021,157188.867,88025.7655,1
OK,2022,217693.7935,121908.5244,1
OK,2023,341994.7538,191517.0621,1
OK,2024,526349.5637,294755.7557,1
OK,2025,697312.9265,390495.2389,1
OK,2026,928578.9266,520004.1989,1
OK,2027,1064009.849,595845.5153,1
OK,2028,1279548.31,716547.0534,1
OK,2029,1543078.053,864123.7098,1
OK,2030,1812131.338,1014793.549,1
OK,2031,2194352.769,1228837.55,1
OK,2032,2549708.868,1427836.966,1
OK,2033,2846154.512,1593846.526,1
OK,2034,3219792.68,1803083.901,1
OK,2035,3550043.406,1988024.307,1
OK,2036,3844214.601,2152760.176,1
OK,2037,4181672.599,2341736.655,1
OK,2038,4457615.677,2496264.779,1
OK,2039,4723025.345,2644894.193,1
OK,2040,5019917.458,2811153.776,1
OK,2041,5352496.547,2997398.066,1
OK,2042,5750046.378,3220025.972,1
OK,2043,6070523.322,3399493.061,1
OK,2044,6435564.71,3603916.238,1
OK,2045,6917530.068,3873816.838,1
OK,2046,7399678.662,4143820.05,1
OK,2047,7908919.702,4428995.033,1
OK,2048,8399869.285,4703926.8,1
OK,2049,8850538.597,4956301.614,1
OK,2050,9315271.58,5216552.085,1
OK,2051,9845544.523,5513504.933,1
OK,2052,10337107.55,5788780.229,1
OK,2053,10881479.85,6093628.715,1
OK,2054,11361102.4,6362217.346,1
OK,2055,11890665.59,6658772.732,1
OK,2056,12404471.28,6946503.917,1
OK,2057,13019132.64,7290714.276,1
OK,2058,13630350.3,7632996.17,1
OK,2059,14219239.71,7962774.24,1
OK,2060,14840158.92,8310488.993,1
OK,2061,15532183.99,8698023.036,1
OK,2062,16191077.48,9067003.388,1
OK,2063,16894679.92,9461020.755,1
OK,2064,17422805.45,9756771.054,1
OK,2065,17982171.07,10070015.8,1
OK,2066,18507025.45,10363934.25,1
OK,2067,19096275.64,10693914.36,1
OK,2068,19650067.8,11004037.97,1
OK,2069,20190396.51,11306622.05,1
OK,2070,20708304.95,11596650.77,1
OK,2071,21303075.12,11929722.07,1
OK,2072,21885382.28,12255814.08,1
OK,2073,22523575.15,12613202.08,1
OK,2074,23165184.52,12972503.33,1
OK,2075,23688818.13,13265738.16,1
OK,2076,24319046.54,13618666.06,1
OK,2077,24953820.09,13974139.25,1
OK,2078,25488402.25,14273505.26,1
OK,2079,26051734.67,14588971.41,1
OK,2080,26594307.55,14892812.23,1
OK,2081,27085477.39,15167867.34,1
OK,2082,27556589.84,15431690.31,1
OK,2083,28063571.95,15715600.29,1
OK,2084,28561075.06,15994202.03,1
OK,2085,29010173.04,16245696.9,1
OK,2086,29374720.16,16449843.29,1
OK,2087,29789467.98,16682102.07,1
OK,2088,30168866.6,16894565.3,1
OK,2089,30503420.78,17081915.64,1
OK,2090,30923695.21,17317269.32,1
OK,2091,31269025.61,17510654.34,1
OK,2092,31593115.38,17692144.62,1
OK,2093,31874466.35,17849701.16,1
OK,2094,32183790.2,18022922.51,1
OK,2095,32489930.61,18194361.14,1
OK,2096,32735396.6,18331822.1,1
OK,2097,33060650.44,18513964.25,1
OK,2098,33361246.33,18682297.94,1
OK,2099,33666655.65,18853327.17,1
OK,2100,33959323.61,19017221.22,1
NM,2018,81783.30287,52341.31384,1
NM,2019,169108.0565,108229.1562,1
NM,2020,263444.281,168604.3398,1
NM,2021,342027.9718,218897.9019,1
NM,2022,428515.5566,274249.9562,1
NM,2023,513855.3913,328867.4504,1
NM,2024,599008.8329,383365.6531,1
NM,2025,681058.4176,435877.3873,1
NM,2026,756876.8423,484401.1791,1
NM,2027,840041.7273,537626.7055,1
NM,2028,914959.202,585573.8893,1
NM,2029,969548.9911,620511.3543,1
NM,2030,1019232.425,652308.7518,1
NM,2031,1064522.762,681294.5678,1
NM,2032,1107910.707,709062.8526,1
NM,2033,1159935.54,742358.7457,1
NM,2034,1206926.371,772432.8773,1
NM,2035,1237860.5,792230.7202,1
NM,2036,1282046.919,820510.0283,1
NM,2037,1320439.236,845081.1111,1
NM,2038,1365876.028,874160.658,1
NM,2039,1403364.416,898153.226,1
NM,2040,1445453.242,925090.075,1
NM,2041,1478468.061,946219.5592,1
NM,2042,1512526.949,968017.247,1
NM,2043,1546107.21,989508.6144,1
NM,2044,1578396.656,1010173.86,1
NM,2045,1614058.081,1032997.172,1
NM,2046,1642922.175,1051470.192,1
NM,2047,1680728.177,1075666.033,1
NM,2048,1707153.232,1092578.068,1
NM,2049,1738357.214,1112548.617,1
NM,2050,1776411.173,1136903.151,1
NM,2051,1807191.328,1156602.45,1
NM,2052,1845004.015,1180802.57,1
NM,2053,1875676.798,1200433.151,1
NM,2054,1904817.027,1219082.897,1
NM,2055,1938380.188,1240563.32,1
NM,2056,1963312.961,1256520.295,1
NM,2057,1989322.543,1273166.427,1
NM,2058,2009981.915,1286388.425,1
NM,2059,2035840.475,1302937.904,1
NM,2060,2073616.618,1327114.636,1
NM,2061,2098713.146,1343176.413,1
NM,2062,2127198.798,1361407.231,1
NM,2063,2162018.365,1383691.754,1
NM,2064,2183875.236,1397680.151,1
NM,2065,2211355.922,1415267.79,1
NM,2066,2244699.716,1436607.818,1
NM,2067,2264127.614,1449041.673,1
NM,2068,2279711.42,1459015.309,1
NM,2069,2307189.055,1476600.995,1
NM,2070,2322974.349,1486703.584,1
NM,2071,2340920.016,1498188.81,1
NM,2072,2367862.77,1515432.173,1
NM,2073,2391426.968,1530513.26,1
NM,2074,2403882.837,1538485.016,1
NM,2075,2420902.208,1549377.413,1
NM,2076,2435255.92,1558563.789,1
NM,2077,2449560.691,1567718.842,1
NM,2078,2474778.221,1583858.062,1
NM,2079,2491516.435,1594570.518,1
NM,2080,2507160.074,1604582.447,1
NM,2081,2518176.981,1611633.268,1
NM,2082,2529029.939,1618579.161,1
NM,2083,2543126.344,1627600.86,1
NM,2084,2551503.653,1632962.338,1
NM,2085,2564136.941,1641047.642,1
NM,2086,2576848.591,1649183.099,1
NM,2087,2586995.785,1655677.303,1
NM,2088,2591132.703,1658324.93,1
NM,2089,2606861.66,1668391.462,1
NM,2090,2622251.24,1678240.793,1
NM,2091,2630447.145,1683486.173,1
NM,2092,2644984.88,1692790.323,1
NM,2093,2654202.056,1698689.316,1
NM,2094,2669996.597,1708797.822,1
NM,2095,2687011.731,1719687.508,1
NM,2096,2700983.837,1728629.656,1
NM,2097,2706486.581,1732151.412,1
NM,2098,2716909.654,1738822.179,1
NM,2099,2729028.507,1746578.245,1
NM,2100,2738794.566,1752828.523,1
CO,2018,23330.01134,13531.40657,1
CO,2019,60298.47878,34973.11769,1
CO,2020,85874.04628,49806.94684,1
CO,2021,125320.2955,72685.77141,1
CO,2022,159980.3997,92788.6318,1
CO,2023,199216.3392,115545.4768,1
CO,2024,220191.5972,127711.1264,1
CO,2025,263956.5101,153094.7759,1
CO,2026,296296.0296,171851.6972,1
CO,2027,346969.1631,201242.1146,1
CO,2028,382074.6629,221603.3045,1
CO,2029,431522.3614,250282.9696,1
CO,2030,472603.5607,274110.0652,1
CO,2031,527974.3785,306225.1395,1
CO,2032,576095.7006,334135.5063,1
CO,2033,620560.4454,359925.0583,1
CO,2034,660090.3272,382852.3898,1
CO,2035,717772.008,416307.7646,1
CO,2036,791173.0352,458880.3604,1
CO,2037,877113.3774,508725.7589,1
CO,2038,919549.972,533338.9837,1
CO,2039,975034.0474,565519.7475,1
CO,2040,1043615.01,605296.7061,1
CO,2041,1129295.456,654991.3648,1
CO,2042,1243665.839,721326.1868,1
CO,2043,1365021.02,791712.1918,1
CO,2044,1470036.872,852621.3857,1
CO,2045,1613523.002,935843.341,1
CO,2046,1767464.666,1025129.506,1
CO,2047,1942814.935,1126832.662,1
CO,2048,2185304.926,1267476.857,1
CO,2049,2363641.782,1370912.234,1
CO,2050,2553225.467,1480870.771,1
CO,2051,2761539.746,1601693.053,1
CO,2052,2952096.759,1712216.12,1
CO,2053,3183688.774,1846539.489,1
CO,2054,3461900.077,2007902.044,1
CO,2055,3718176.354,2156542.285,1
CO,2056,3916381.95,2271501.531,1
CO,2057,4129771.266,2395267.334,1
CO,2058,4347037.582,2521281.797,1
CO,2059,4564588.622,2647461.401,1
CO,2060,4835975.101,2804865.559,1
CO,2061,5100562.481,2958326.239,1
CO,2062,5362109.889,3110023.735,1
CO,2063,5555945.217,3222448.226,1
CO,2064,5825164.892,3378595.637,1
CO,2065,6060485.414,3515081.54,1
CO,2066,6302489.814,3655444.092,1
CO,2067,6587325.764,3820648.943,1
CO,2068,6900330.716,4002191.815,1
CO,2069,7146715.505,4145094.993,1
CO,2070,7471489.042,4333463.644,1
CO,2071,7763658.557,4502921.963,1
CO,2072,8062839.906,4676447.145,1
CO,2073,8385432.002,4863550.561,1
CO,2074,8701010.722,5046586.219,1
CO,2075,9015429.65,5228949.197,1
CO,2076,9376520.148,5438381.686,1
CO,2077,9756942.622,5659026.721,1
CO,2078,10099315.65,5857603.077,1
CO,2079,10545726,6116521.081,1
CO,2080,10998324.08,6379027.966,1
CO,2081,11485751.22,6661735.709,1
CO,2082,11946378.31,6928899.418,1
CO,2083,12414882.64,7200631.929,1
CO,2084,12892123.8,7477431.804,1
CO,2085,13414554.43,7780441.57,1
CO,2086,13935133.29,8082377.307,1
CO,2087,14459448.25,8386479.986,1
CO,2088,14917373.07,8652076.38,1
CO,2089,15424441.94,8946176.324,1
CO,2090,16061785.82,9315835.775,1
CO,2091,16637962.03,9650017.975,1
CO,2092,17168537.68,9957751.856,1
CO,2093,17721134.87,10278258.22,1
CO,2094,18200666.71,10556386.69,1
CO,2095,18706414.48,10849720.4,1
CO,2096,19204513.63,11138617.91,1
CO,2097,19688200.27,11419156.15,1
CO,2098,20179106.98,11703882.05,1
CO,2099,20685311.5,11997480.67,1
CO,2100,21120994.18,12250176.63,1
NE,2018,98737.58393,54305.67116,1
NE,2019,193847.3432,106616.0387,1
NE,2020,314633.6352,173048.4993,1
NE,2021,420983.1679,231540.7423,1
NE,2022,510061.8445,280534.0145,1
NE,2023,587675.3872,323221.4629,1
NE,2024,640658.8882,352362.3885,1
NE,2025,695786.8161,382682.7489,1
NE,2026,772192.0959,424705.6527,1
NE,2027,896259.3761,492942.6569,1
NE,2028,1004260.023,552343.0127,1
NE,2029,1140298.252,627164.0388,1
NE,2030,1241990.677,683094.8724,1
NE,2031,1339356.325,736645.979,1
NE,2032,1410763.343,775919.8384,1
NE,2033,1529456.35,841200.9927,1
NE,2034,1636467.166,900056.9414,1
NE,2035,1744238.563,959331.2097,1
NE,2036,1865445.889,1025995.239,1
NE,2037,1971139.159,1084126.538,1
NE,2038,2096022.082,1152812.145,1
NE,2039,2183238.697,1200781.284,1
NE,2040,2297639.974,1263701.986,1
NE,2041,2427447.058,1335095.882,1
NE,2042,2524339.974,1388386.985,1
NE,2043,2666744.011,1466709.206,1
NE,2044,2801581.634,1540869.898,1
NE,2045,2917173.406,1604445.373,1
NE,2046,3158042.291,1736923.26,1
NE,2047,3419041.119,1880472.615,1
NE,2048,3695713.29,2032642.309,1
NE,2049,3895500.852,2142525.469,1
NE,2050,4189718.534,2304345.194,1
NE,2051,4367252.439,2401988.841,1
NE,2052,4520875.987,2486481.793,1
NE,2053,4684367.032,2576401.867,1
NE,2054,4844404.503,2664422.476,1
NE,2055,5022917.694,2762604.732,1
NE,2056,5164260.963,2840343.53,1
NE,2057,5312248.855,2921736.87,1
NE,2058,5484132.406,3016272.823,1
NE,2059,5682995.408,3125647.474,1
NE,2060,5861224.734,3223673.603,1
NE,2061,6025485.58,3314017.069,1
NE,2062,6250200.1,3437610.055,1
NE,2063,6454844.63,3550164.546,1
NE,2064,6620516.808,3641284.244,1
NE,2065,6775242.5,3726383.375,1
NE,2066,6940630.425,3817346.734,1
NE,2067,7135247.391,3924386.065,1
NE,2068,7349050.024,4041977.513,1
NE,2069,7589219.521,4174070.737,1
NE,2070,7788335.909,4283584.75,1
NE,2071,7973614.622,4385488.042,1
NE,2072,8166202.974,4491411.636,1
NE,2073,8368421.644,4602631.904,1
NE,2074,8606852.818,4733769.05,1
NE,2075,8817434.806,4849589.143,1
NE,2076,8973871.26,4935629.193,1
NE,2077,9167099.03,5041904.467,1
NE,2078,9310225.928,5120624.26,1
NE,2079,9466906.296,5206798.463,1
NE,2080,9632218.077,5297719.942,1
NE,2081,9755525.458,5365539.002,1
NE,2082,9893645.293,5441504.911,1
NE,2083,10043470.94,5523909.016,1
NE,2084,10179610.6,5598785.828,1
NE,2085,10329085.97,5680997.282,1
NE,2086,10450269.76,5747648.365,1
NE,2087,10589574.71,5824266.089,1
NE,2088,10766658.02,5921661.912,1
NE,2089,10899768.18,5994872.498,1
NE,2090,11063397.92,6084868.857,1
NE,2091,11183206.95,6150763.822,1
NE,2092,11291056.44,6210081.043,1
NE,2093,11440590.9,6292324.993,1
NE,2094,11553964.11,6354680.261,1
NE,2095,11750725.36,6462898.949,1
NE,2096,11889553.24,6539254.283,1
NE,2097,12009370.86,6605153.976,1
NE,2098,12176683.89,6697176.142,1
NE,2099,12381068.73,6809587.801,1
NE,2100,12530307.32,6891669.023,1
TX,2018,742006.9354,427911.3093,2
TX,2019,1564726.712,902827.4065,2
TX,2020,2312335.891,1334772.074,2
TX,2021,3002476.61,1733067.299,2
TX,2022,3777658.869,2180986.256,2
TX,2023,4520147.465,2609653.796,2
TX,2024,5312317.65,3067337.788,2
TX,2025,6144288.006,3548005.024,2
TX,2026,7118699.806,4111240.372,2
TX,2027,8133423.096,4698102.649,2
TX,2028,9228320.15,5331622.402,2
TX,2029,10432938.64,6028854.27,2
TX,2030,11672583.87,6746281.156,2
TX,2031,12735848.34,7361548.468,2
TX,2032,13727997.39,7935675.466,2
TX,2033,14777627.46,8542659.406,2
TX,2034,15653898.77,9049407.661,2
TX,2035,16568290.3,9578031.202,2
TX,2036,17491154.99,10111955.07,2
TX,2037,18460399.46,10672890.9,2
TX,2038,19301513.64,11159737.77,2
TX,2039,20105508.18,11624847.65,2
TX,2040,20981857.99,12132011.36,2
TX,2041,21826026.17,12620464.17,2
TX,2042,22751701.64,13156020.59,2
TX,2043,23635000.22,13667228.42,2
TX,2044,24572846.75,14209959,2
TX,2045,25377983.1,14676141.14,2
TX,2046,26023790,15050098.18,2
TX,2047,26555414.52,15357661.99,2
TX,2048,27101920.1,15674037.38,2
TX,2049,27600157.95,15962329.42,2
TX,2050,28066620.16,16232380.5,2
TX,2051,28571104.75,16524315.41,2
TX,2052,29120154.02,16842086.39,2
TX,2053,29653817.98,17151085.16,2
TX,2054,30153083.83,17440049.25,2
TX,2055,30603558.12,17700654.89,2
TX,2056,31128628.45,18004547.34,2
TX,2057,31594849,18274450.48,2
TX,2058,31964407.11,18488375.66,2
TX,2059,32381711.55,18729896.82,2
TX,2060,32626501.51,18871436.74,2
TX,2061,32929137.63,19046490.25,2
TX,2062,33115596.1,19154246.77,2
TX,2063,33320155.85,19272607.92,2
TX,2064,33521379.09,19388863.04,2
TX,2065,33662605.1,19470459.79,2
TX,2066,33830305.02,19567358.27,2
TX,2067,34050996.8,19695056.01,2
TX,2068,34200035.81,19781192.14,2
TX,2069,34387325.14,19889534.58,2
TX,2070,34574536.31,19997710,2
TX,2071,34760892.45,20105363.51,2
TX,2072,34907237.34,20189802.14,2
TX,2073,35108188.15,20305852.86,2
TX,2074,35271720.73,20400453.06,2
TX,2075,35462463.87,20510773.74,2
TX,2076,35613634.8,20598179.16,2
TX,2077,35769690.84,20688400.83,2
TX,2078,35898172.72,20762552.13,2
TX,2079,35999698.06,20821196.1,2
TX,2080,36148002.55,20906958.54,2
TX,2081,36248287.65,20964818.05,2
TX,2082,36382820.93,21042630.07,2
TX,2083,36500202.15,21110501.58,2
TX,2084,36630412.1,21185803.29,2
TX,2085,36745140.6,21252120.62,2
TX,2086,36850439.67,21313031.54,2
TX,2087,36952905.05,21372283.46,2
TX,2088,37049888.4,21428411.28,2
TX,2089,37141371.78,21481274.11,2
TX,2090,37226779.71,21530665.03,2
TX,2091,37317730.74,21583230.39,2
TX,2092,37447164.5,21658009.28,2
TX,2093,37536618.72,21709652.16,2
TX,2094,37655799.26,21778656.68,2
TX,2095,37764012.32,21841252.06,2
TX,2096,37866694.28,21900681.67,2
TX,2097,37975244.07,21963530.61,2
TX,2098,38088182.29,22028951.36,2
TX,2099,38192331.17,22089243.8,2
TX,2100,38280025.31,22139983.89,2
KS,2018,52631.54727,29999.98194,2
KS,2019,116235.5469,66253.80155,2
KS,2020,172933.0747,98570.47177,2
KS,2021,234717.8221,133787.3175,2
KS,2022,288666.0464,164535.7352,2
KS,2023,360549.2055,205503.7268,2
KS,2024,427223.5361,243508.0953,2
KS,2025,501593.3069,285898.8646,2
KS,2026,555931.3762,316869.8377,2
KS,2027,615834.6519,351012.7491,2
KS,2028,671703.3835,382857.9261,2
KS,2029,754352.4047,429965.9125,2
KS,2030,820717.1144,467792.301,2
KS,2031,906322.2057,516585.4776,2
KS,2032,968933.6484,552264.9063,2
KS,2033,1013468.667,577649.867,2
KS,2034,1086538.56,619295.3344,2
KS,2035,1149168.142,654988.3256,2
KS,2036,1232223.258,702325.8285,2
KS,2037,1315864.228,749993.1239,2
KS,2038,1378560.933,785722.4185,2
KS,2039,1500355.516,855134.3956,2
KS,2040,1580260.598,900665.0984,2
KS,2041,1659975.512,946077.2756,2
KS,2042,1783125.931,1016250.108,2
KS,2043,1903037.146,1084584.305,2
KS,2044,1981141.007,1129063.737,2
KS,2045,2096028.272,1194531.023,2
KS,2046,2254586.997,1284818.338,2
KS,2047,2397625.168,1366248.926,2
KS,2048,2652510.137,1511458.38,2
KS,2049,2871552.425,1636211.182,2
KS,2050,3094527.634,1763078.063,2
KS,2051,3420151.36,1948486.009,2
KS,2052,3761653.883,2142812.725,2
KS,2053,4106685.468,2339201.346,2
KS,2054,4667999.19,2658875.498,2
KS,2055,5307577.068,3023164.211,2
KS,2056,5911087.777,3366768.256,2
KS,2057,6520166.177,3713728.61,2
KS,2058,7162236.232,4079400.505,2
KS,2059,7801347.25,4443367.433,2
KS,2060,8431478.716,4802041.159,2
KS,2061,9226391.645,5254836.442,2
KS,2062,10094866.57,5749535.251,2
KS,2063,10979828.33,6253559.765,2
KS,2064,11743765.33,6688681.907,2
KS,2065,12401526.17,7063258.092,2
KS,2066,12991219.55,7398963.501,2
KS,2067,13595028.26,7742794.418,2
KS,2068,14254916.89,8118497.23,2
KS,2069,14811721.11,8435577.566,2
KS,2070,15427911.1,8786494.596,2
KS,2071,16028169.76,9128393.722,2
KS,2072,16595563.46,9451494.48,2
KS,2073,17187503.59,9788561.944,2
KS,2074,17832066.19,10155511.55,2
KS,2075,18417032.03,10488471.65,2
KS,2076,19006545.41,10824103.82,2
KS,2077,19500571.06,11105308.86,2
KS,2078,20055935.8,11421579.73,2
KS,2079,20619009.94,11742213.76,2
KS,2080,21143096.23,12040686.64,2
KS,2081,21757704.99,12390722.26,2
KS,2082,22284431.05,12690721.66,2
KS,2083,22849267.27,13012372.65,2
KS,2084,23338461.96,13290851.34,2
KS,2085,23819612.37,13564659.96,2
KS,2086,24363246.11,13874117.56,2
KS,2087,24852639.9,14152696.91,2
KS,2088,25323987.45,14420926.24,2
KS,2089,25853020.38,14721926.38,2
KS,2090,26329989.49,14993380.03,2
KS,2091,26737227.18,15225139.38,2
KS,2092,27109977.07,15437231.78,2
KS,2093,27545994.71,15685258.55,2
KS,2094,27939979.99,15909514.44,2
KS,2095,28397791.84,16170106.71,2
KS,2096,28751371.89,16371197.67,2
KS,2097,29143931.25,16594646.5,2
KS,2098,29484920,16788654.69,2
KS,2099,29858878.85,17001553.95,2
KS,2100,30192918.98,17191647.86,2
OK,2018,55734.73223,31210.28032,2
OK,2019,80456.37193,45050.18654,2
OK,2020,124251.8785,69561.86494,2
OK,2021,152891.2121,85594.511,2
OK,2022,209632.1969,117347.9457,2
OK,2023,324114.65,181401.9913,2
OK,2024,482166.9341,269760.9105,2
OK,2025,616040.4806,344518.0704,2
OK,2026,777415.7346,434488.678,2
OK,2027,884792.3725,494459.2213,2
OK,2028,1067297.796,596473.423,2
OK,2029,1275746.601,712889.8804,2
OK,2030,1503226.763,840041.1157,2
OK,2031,1821138.8,1017704.228,2
OK,2032,2092134.811,1168979.745,2
OK,2033,2322224.33,1297450.547,2
OK,2034,2643745.742,1477204.609,2
OK,2035,2900199.287,1620396.728,2
OK,2036,3129188.223,1748257.914,2
OK,2037,3397437.196,1898081.702,2
OK,2038,3606413.058,2014725.362,2
OK,2039,3816540.839,2132080.898,2
OK,2040,4045750.688,2260051.503,2
OK,2041,4296673.246,2400101.341,2
OK,2042,4613784.312,2577223.706,2
OK,2043,4876625.142,2724085.09,2
OK,2044,5186865.799,2897506.586,2
OK,2045,5611754.067,3135117.732,2
OK,2046,6024224.379,3365702.786,2
OK,2047,6491830.358,3627324.126,2
OK,2048,6938005.877,3876926.463,2
OK,2049,7355000.365,4110250.872,2
OK,2050,7779354.325,4347658.26,2
OK,2051,8278199.474,4626831.885,2
OK,2052,8714416.387,4870796.967,2
OK,2053,9198928.197,5141781.384,2
OK,2054,9646509.238,5392243.6,2
OK,2055,10131286.98,5663463.117,2
OK,2056,10604309.06,5928122.339,2
OK,2057,11189248.65,6255518.606,2
OK,2058,11749608.51,6569029.392,2
OK,2059,12302352.57,6878359.439,2
OK,2060,12864536.77,7192846.827,2
OK,2061,13491557.66,7543606.928,2
OK,2062,14102285.55,7885339.206,2
OK,2063,14762042.24,8254552.305,2
OK,2064,15250082.88,8527625.914,2
OK,2065,15751593.47,8808141.113,2
OK,2066,16219747.81,9069983.418,2
OK,2067,16732872.94,9356898.314,2
OK,2068,17224911.6,9632086.947,2
OK,2069,17713655.15,9905488.444,2
OK,2070,18170216.05,10160811.85,2
OK,2071,18682899.54,10447445.35,2
OK,2072,19196137.08,10734463.54,2
OK,2073,19778032.16,11060002.95,2
OK,2074,20373552.72,11393231,2
OK,2075,20860165.02,11665522.25,2
OK,2076,21427602.35,11982928.2,2
OK,2077,22017311.89,12312907.94,2
OK,2078,22512242.42,12589842.36,2
OK,2079,23048135.42,12889785.58,2
OK,2080,23560506,13176540.45,2
OK,2081,24027428.31,13437878.34,2
OK,2082,24464754.79,13682588.03,2
OK,2083,24945635.57,13951732.05,2
OK,2084,25414387.09,14214068.54,2
OK,2085,25832268.49,14447903.68,2
OK,2086,26176824.32,14640740.66,2
OK,2087,26566011.62,14858539.43,2
OK,2088,26913981.17,15053222.71,2
OK,2089,27235124.2,15232986.14,2
OK,2090,27632744.93,15455524.25,2
OK,2091,27939086.51,15626852.65,2
OK,2092,28224067.86,15786218.64,2
OK,2093,28482832.4,15930997.67,2
OK,2094,28774091.55,16093999.52,2
OK,2095,29049889.3,16248272.81,2
OK,2096,29284701.37,16379706.66,2
OK,2097,29585271.3,16547884.72,2
OK,2098,29862115.31,16702781.58,2
OK,2099,30148379.12,16862979.87,2
OK,2100,30423991.75,17017225.45,2
NM,2018,71193.89475,45206.28983,2
NM,2019,148270.1302,94188.79598,2
NM,2020,229300.3426,145598.5385,2
NM,2021,298705.4135,189707.6498,2
NM,2022,374589.0655,237914.8935,2
NM,2023,443529.2025,281482.456,2
NM,2024,516320.4915,327651.1793,2
NM,2025,577226.001,365916.2736,2
NM,2026,642528.2999,407354.4183,2
NM,2027,709151.7395,449434.5049,2
NM,2028,772756.9126,489759.5872,2
NM,2029,818666.5715,518848.4783,2
NM,2030,859271.952,544529.1858,2
NM,2031,891944.7937,565013.4751,2
NM,2032,926683.8007,586954.2028,2
NM,2033,964747.5402,610843.2683,2
NM,2034,1002959.576,635002.347,2
NM,2035,1028834.993,651391.686,2
NM,2036,1060387.042,671158.0983,2
NM,2037,1090796.751,690350.5894,2
NM,2038,1122841.495,710406.725,2
NM,2039,1156179.642,731602.9077,2
NM,2040,1186686.985,750736.2833,2
NM,2041,1211204.914,766140.6591,2
NM,2042,1235414.202,781301.7972,2
NM,2043,1260551.77,797104.5729,2
NM,2044,1281033.786,809814.1048,2
NM,2045,1307490.058,826435.0888,2
NM,2046,1327457.253,838913.4785,2
NM,2047,1353029.286,854866.2091,2
NM,2048,1370799.061,865946.4141,2
NM,2049,1393031.6,879872.1049,2
NM,2050,1421623.781,897851.3991,2
NM,2051,1443680.576,911672.9968,2
NM,2052,1469762.033,927968.7454,2
NM,2053,1493652.623,943029.5613,2
NM,2054,1514982.948,956417.0829,2
NM,2055,1537317.544,970331.8253,2
NM,2056,1555350.944,981640.0801,2
NM,2057,1575682.221,994460.2341,2
NM,2058,1590492.104,1003740.912,2
NM,2059,1607381.486,1014247.06,2
NM,2060,1630211.696,1028353.39,2
NM,2061,1647245.057,1038982.296,2
NM,2062,1668627.959,1052427.361,2
NM,2063,1693399.654,1067941.74,2
NM,2064,1706210.762,1075835.205,2
NM,2065,1727354.664,1089153.19,2
NM,2066,1753389.635,1105568.615,2
NM,2067,1765464.192,1113047.872,2
NM,2068,1774347.26,1118506.626,2
NM,2069,1796465.353,1132481.113,2
NM,2070,1806353.508,1138610.275,2
NM,2071,1817092.956,1145240.033,2
NM,2072,1833994.071,1155717.453,2
NM,2073,1848990.217,1165025.482,2
NM,2074,1859081.566,1171404.052,2
NM,2075,1870604.029,1178592.694,2
NM,2076,1879630.617,1184189.713,2
NM,2077,1889049.35,1190052.61,2
NM,2078,1903373.035,1198851.679,2
NM,2079,1914579.417,1205836.85,2
NM,2080,1924618.833,1212072.716,2
NM,2081,1931287.48,1216193.728,2
NM,2082,1939479.25,1221346.542,2
NM,2083,1947197.929,1226071.002,2
NM,2084,1953030.058,1229717.566,2
NM,2085,1959971.601,1233967.836,2
NM,2086,1970909.633,1240908.248,2
NM,2087,1976843.949,1244563.863,2
NM,2088,1978660.093,1245647.779,2
NM,2089,1989241.284,1252245.805,2
NM,2090,2000842.566,1259542.623,2
NM,2091,2008110.088,1264162.469,2
NM,2092,2016479.797,1269310.672,2
NM,2093,2023038.968,1273418.731,2
NM,2094,2032986.264,1279587.429,2
NM,2095,2046219.016,1287928.589,2
NM,2096,2054730.627,1293191.516,2
NM,2097,2058151.957,1295310.84,2
NM,2098,2065547.52,1299941.704,2
NM,2099,2072473.91,1304199.147,2
NM,2100,2080941.459,1309574.503,2
CO,2018,13235.823,7676.777341,2
CO,2019,42690.87919,24760.70993,2
CO,2020,57028.96667,33076.80067,2
CO,2021,91032.28405,52798.72475,2
CO,2022,112626.8797,65323.5902,2
CO,2023,131173.7647,76080.78355,2
CO,2024,142679.409,82754.05721,2
CO,2025,167113.9155,96926.071,2
CO,2026,189397.3788,109850.4797,2
CO,2027,226151.1668,131167.6768,2
CO,2028,246002.3138,142681.342,2
CO,2029,284040.4594,164743.4664,2
CO,2030,309875.8554,179727.9961,2
CO,2031,344585.5959,199859.6456,2
CO,2032,379426.0778,220067.1251,2
CO,2033,411818.5927,238854.7838,2
CO,2034,436291.6048,253049.1308,2
CO,2035,469705.1085,272428.9629,2
CO,2036,512655.1081,297339.9627,2
CO,2037,563841.0287,327027.7966,2
CO,2038,585552.0519,339620.1901,2
CO,2039,623804.2811,361806.483,2
CO,2040,676910.4929,392608.0859,2
CO,2041,736874.9133,427387.4497,2
CO,2042,825524.0407,478803.9436,2
CO,2043,913334.7555,529734.1582,2
CO,2044,981277.9056,569141.1853,2
CO,2045,1076392.139,624307.4404,2
CO,2046,1172063.711,679796.9523,2
CO,2047,1293450.56,750201.3247,2
CO,2048,1456817.951,844954.4118,2
CO,2049,1562648.06,906335.875,2
CO,2050,1690001.337,980200.7755,2
CO,2051,1825766.558,1058944.604,2
CO,2052,1937582.951,1123798.112,2
CO,2053,2086430.792,1210129.859,2
CO,2054,2242837.161,1300845.553,2
CO,2055,2398172.828,1390940.24,2
CO,2056,2524103.295,1463979.911,2
CO,2057,2663536.596,1544851.226,2
CO,2058,2794392.719,1620747.777,2
CO,2059,2931424.195,1700226.033,2
CO,2060,3091521.523,1793082.483,2
CO,2061,3269489.917,1896304.152,2
CO,2062,3462051.606,2007989.931,2
CO,2063,3593256.23,2084088.613,2
CO,2064,3781146.498,2193064.969,2
CO,2065,3934059.849,2281754.712,2
CO,2066,4093083.544,2373988.455,2
CO,2067,4244611.513,2461874.678,2
CO,2068,4460975.426,2587365.747,2
CO,2069,4612584.163,2675298.814,2
CO,2070,4823670.452,2797728.862,2
CO,2071,5007898.534,2904581.15,2
CO,2072,5212048.063,3022987.876,2
CO,2073,5418938.971,3142984.603,2
CO,2074,5634604.95,3268070.871,2
CO,2075,5842472.122,3388633.831,2
CO,2076,6089148.611,3531706.194,2
CO,2077,6344097.444,3679576.517,2
CO,2078,6573961.798,3812897.843,2
CO,2079,6868834.038,3983923.742,2
CO,2080,7154935.574,4149862.633,2
CO,2081,7472852.818,4334254.635,2
CO,2082,7783713.05,4514553.569,2
CO,2083,8105133.799,4700977.603,2
CO,2084,8445553.106,4898420.802,2
CO,2085,8817687.386,5114258.684,2
CO,2086,9211521.547,5342682.497,2
CO,2087,9587284.649,5560625.096,2
CO,2088,9928494.63,5758526.886,2
CO,2089,10294406.84,5970755.968,2
CO,2090,10762377.48,6242178.938,2
CO,2091,11179162.25,6483914.107,2
CO,2092,11551829.15,6700060.908,2
CO,2093,11949572.1,6930751.817,2
CO,2094,12298496.06,7133127.714,2
CO,2095,12664510.37,7345416.016,2
CO,2096,13051022.64,7569593.132,2
CO,2097,13403336.21,7773935.002,2
CO,2098,13784964.84,7995279.608,2
CO,2099,14143445.7,8203198.506,2
CO,2100,14468071.62,8391481.538,2
NE,2018,27771.58511,15421.07907,2
NE,2019,51660.03749,28706.96292,2
NE,2020,96347.50218,53442.3868,2
NE,2021,129630.4523,71899.05913,2
NE,2022,150310.2193,83414.33132,2
NE,2023,173586.4999,96328.61651,2
NE,2024,187421.0699,104018.5622,2
NE,2025,201394.2759,111788.9042,2
NE,2026,214380.8454,119062.6222,2
NE,2027,254041.9655,141050.7302,2
NE,2028,288770.8292,160303.0793,2
NE,2029,337935.5051,187523.2438,2
NE,2030,375286.1546,208199.1141,2
NE,2031,418417.1922,232033.3034,2
NE,2032,438979.4195,243447.6393,2
NE,2033,487841.9212,270466.3751,2
NE,2034,522710.2175,289793.0776,2
NE,2035,543407.4846,301356.5819,2
NE,2036,607665.785,336816.3772,2
NE,2037,659742.2832,365569.2926,2
NE,2038,713816.8532,395456.6875,2
NE,2039,756441.9265,418992.6614,2
NE,2040,823845.647,456161.8652,2
NE,2041,885622.459,490279.7501,2
NE,2042,956504.7712,529318.7932,2
NE,2043,1039499.057,575088.4673,2
NE,2044,1129803.443,624847.943,2
NE,2045,1196662.269,661721.0422,2
NE,2046,1368382.604,756310.1764,2
NE,2047,1525858.671,843136.0252,2
NE,2048,1711011.836,945159.4618,2
NE,2049,1815599.194,1002879.316,2
NE,2050,1989053.648,1098528.918,2
NE,2051,2076514.839,1146818.779,2
NE,2052,2165560.926,1195927.627,2
NE,2053,2245495.786,1240064.535,2
NE,2054,2329778.77,1286576.783,2
NE,2055,2421094.751,1336980.834,2
NE,2056,2509501.618,1385714.046,2
NE,2057,2600292.008,1435767.004,2
NE,2058,2693082.859,1486965.479,2
NE,2059,2808500.311,1550617.584,2
NE,2060,2933748.735,1619613.745,2
NE,2061,3026962.766,1671028.336,2
NE,2062,3181211.029,1756010.554,2
NE,2063,3321634.648,1833376.308,2
NE,2064,3458580.949,1908756.158,2
NE,2065,3558406.558,1963773.738,2
NE,2066,3674804.408,2027893.832,2
NE,2067,3800949.694,2097415.29,2
NE,2068,3948800.67,2178869.668,2
NE,2069,4125684.147,2276286.411,2
NE,2070,4286492.422,2364810.156,2
NE,2071,4443409.968,2451173.437,2
NE,2072,4583475.014,2528317.793,2
NE,2073,4735794.055,2612196.422,2
NE,2074,4927138.517,2717533.219,2
NE,2075,5089227.875,2806782.614,2
NE,2076,5202790.959,2869330.942,2
NE,2077,5333242.106,2941208.85,2
NE,2078,5451139.212,3006104.415,2
NE,2079,5578278.007,3076091.824,2
NE,2080,5683741.697,3134220.576,2
NE,2081,5795737.118,3195841.443,2
NE,2082,5885953.312,3245559.38,2
NE,2083,6000231.12,3308485.663,2
NE,2084,6089913.682,3357907.112,2
NE,2085,6187034.352,3411431.713,2
NE,2086,6272931.353,3458748.011,2
NE,2087,6388036.109,3522105.656,2
NE,2088,6495375.568,3581286.539,2
NE,2089,6580539.394,3628225.762,2
NE,2090,6687608.491,3687230.693,2
NE,2091,6749836.433,3721575.098,2
NE,2092,6816510.339,3758330.868,2
NE,2093,6889601.238,3798688.894,2
NE,2094,6953650.906,3834018.177,2
NE,2095,7075351.27,3901108.55,2
NE,2096,7171727.69,3954203.34,2
NE,2097,7248487.892,3996510.463,2
NE,2098,7366796.912,4061681.73,2
NE,2099,7494858.022,4132273.123,2
NE,2100,7577512.849,4177870.926,2
